id,firstname,lastname,email,email2,profession
100,Correy,Cadmar,Correy.Cadmar@yopmail.com,Correy.Cadmar@gmail.com,doctor
101,Nanete,Mozelle,Nanete.Mozelle@yopmail.com,Nanete.Mozelle@gmail.com,developer
102,Gianina,Nicoline,Gianina.Nicoline@yopmail.com,Gianina.Nicoline@gmail.com,doctor
103,Barbi,Garrison,Barbi.Garrison@yopmail.com,Barbi.Garrison@gmail.com,firefighter
104,Perry,Montgomery,Perry.Montgomery@yopmail.com,Perry.Montgomery@gmail.com,developer
105,Flory,Miru,Flory.Miru@yopmail.com,Flory.Miru@gmail.com,firefighter
106,Sherrie,Loleta,Sherrie.Loleta@yopmail.com,Sherrie.Loleta@gmail.com,worker
107,Marylou,Thema,Marylou.Thema@yopmail.com,Marylou.Thema@gmail.com,firefighter
108,Bibby,Lory,Bibby.Lory@yopmail.com,Bibby.Lory@gmail.com,developer
109,Tori,Ashok,Tori.Ashok@yopmail.com,Tori.Ashok@gmail.com,police officer
110,Helsa,Jess,Helsa.Jess@yopmail.com,Helsa.Jess@gmail.com,developer
111,Imojean,Cristi,Imojean.Cristi@yopmail.com,Imojean.Cristi@gmail.com,doctor
112,Cristabel,Ambrosia,Cristabel.Ambrosia@yopmail.com,Cristabel.Ambrosia@gmail.com,doctor
113,Paola,Leopold,Paola.Leopold@yopmail.com,Paola.Leopold@gmail.com,worker
114,Sara-Ann,Maryanne,Sara-Ann.Maryanne@yopmail.com,Sara-Ann.Maryanne@gmail.com,developer
115,Elbertina,Jefferey,Elbertina.Jefferey@yopmail.com,Elbertina.Jefferey@gmail.com,police officer
116,Meriel,Dermott,Meriel.Dermott@yopmail.com,Meriel.Dermott@gmail.com,worker
117,Fanny,Belldas,Fanny.Belldas@yopmail.com,Fanny.Belldas@gmail.com,developer
118,Neila,Carleen,Neila.Carleen@yopmail.com,Neila.Carleen@gmail.com,worker
119,Fredericka,Decato,Fredericka.Decato@yopmail.com,Fredericka.Decato@gmail.com,worker
120,Genovera,Fleeta,Genovera.Fleeta@yopmail.com,Genovera.Fleeta@gmail.com,firefighter
121,Bettine,Nance,Bettine.Nance@yopmail.com,Bettine.Nance@gmail.com,firefighter
122,Fanchon,Ehrman,Fanchon.Ehrman@yopmail.com,Fanchon.Ehrman@gmail.com,developer
123,Leontine,Rebecka,Leontine.Rebecka@yopmail.com,Leontine.Rebecka@gmail.com,developer
124,Cissiee,Florina,Cissiee.Florina@yopmail.com,Cissiee.Florina@gmail.com,police officer
125,Agathe,Strephon,Agathe.Strephon@yopmail.com,Agathe.Strephon@gmail.com,doctor
126,Tersina,Pillsbury,Tersina.Pillsbury@yopmail.com,Tersina.Pillsbury@gmail.com,developer
127,Cyb,Obed,Cyb.Obed@yopmail.com,Cyb.Obed@gmail.com,police officer
128,Kirbee,Wenoa,Kirbee.Wenoa@yopmail.com,Kirbee.Wenoa@gmail.com,developer
129,Catrina,Nore,Catrina.Nore@yopmail.com,Catrina.Nore@gmail.com,developer
130,Gaylene,Ioab,Gaylene.Ioab@yopmail.com,Gaylene.Ioab@gmail.com,developer
131,Vere,Montgomery,Vere.Montgomery@yopmail.com,Vere.Montgomery@gmail.com,worker
132,Minda,Wittie,Minda.Wittie@yopmail.com,Minda.Wittie@gmail.com,police officer
133,Gabi,Baylor,Gabi.Baylor@yopmail.com,Gabi.Baylor@gmail.com,firefighter
134,Quintina,Azeria,Quintina.Azeria@yopmail.com,Quintina.Azeria@gmail.com,firefighter
135,Marline,Mitzi,Marline.Mitzi@yopmail.com,Marline.Mitzi@gmail.com,doctor
136,Gilligan,Bivins,Gilligan.Bivins@yopmail.com,Gilligan.Bivins@gmail.com,police officer
137,Dianemarie,Dudley,Dianemarie.Dudley@yopmail.com,Dianemarie.Dudley@gmail.com,police officer
138,Kassey,Thornburg,Kassey.Thornburg@yopmail.com,Kassey.Thornburg@gmail.com,police officer
139,Elmira,Gaal,Elmira.Gaal@yopmail.com,Elmira.Gaal@gmail.com,firefighter
140,Marinna,Croix,Marinna.Croix@yopmail.com,Marinna.Croix@gmail.com,firefighter
141,Margette,Garek,Margette.Garek@yopmail.com,Margette.Garek@gmail.com,worker
142,Cecile,Bollay,Cecile.Bollay@yopmail.com,Cecile.Bollay@gmail.com,police officer
143,Dorthy,Shanley,Dorthy.Shanley@yopmail.com,Dorthy.Shanley@gmail.com,police officer
144,Tera,Kellby,Tera.Kellby@yopmail.com,Tera.Kellby@gmail.com,doctor
145,Cherilyn,Brodench,Cherilyn.Brodench@yopmail.com,Cherilyn.Brodench@gmail.com,police officer
146,Tilly,Dawkins,Tilly.Dawkins@yopmail.com,Tilly.Dawkins@gmail.com,police officer
147,Halette,Karl,Halette.Karl@yopmail.com,Halette.Karl@gmail.com,developer
148,Blake,Reinke,Blake.Reinke@yopmail.com,Blake.Reinke@gmail.com,firefighter
149,Sidoney,Mitzi,Sidoney.Mitzi@yopmail.com,Sidoney.Mitzi@gmail.com,developer
150,Sidoney,Teryn,Sidoney.Teryn@yopmail.com,Sidoney.Teryn@gmail.com,police officer
151,Jennica,Maroney,Jennica.Maroney@yopmail.com,Jennica.Maroney@gmail.com,firefighter
152,Janey,Weide,Janey.Weide@yopmail.com,Janey.Weide@gmail.com,worker
153,Darci,Ruvolo,Darci.Ruvolo@yopmail.com,Darci.Ruvolo@gmail.com,doctor
154,Calla,Valerio,Calla.Valerio@yopmail.com,Calla.Valerio@gmail.com,developer
155,Fernande,Carey,Fernande.Carey@yopmail.com,Fernande.Carey@gmail.com,firefighter
156,Noelle,Sundin,Noelle.Sundin@yopmail.com,Noelle.Sundin@gmail.com,developer
157,Ayn,Zina,Ayn.Zina@yopmail.com,Ayn.Zina@gmail.com,worker
158,Sybille,Johanna,Sybille.Johanna@yopmail.com,Sybille.Johanna@gmail.com,worker
159,Florencia,Lilybelle,Florencia.Lilybelle@yopmail.com,Florencia.Lilybelle@gmail.com,doctor
160,Lucy,Halla,Lucy.Halla@yopmail.com,Lucy.Halla@gmail.com,firefighter
161,Rosene,Caitlin,Rosene.Caitlin@yopmail.com,Rosene.Caitlin@gmail.com,worker
162,Wendi,Chapland,Wendi.Chapland@yopmail.com,Wendi.Chapland@gmail.com,worker
163,Deedee,Hepsibah,Deedee.Hepsibah@yopmail.com,Deedee.Hepsibah@gmail.com,firefighter
164,Sharlene,Docilla,Sharlene.Docilla@yopmail.com,Sharlene.Docilla@gmail.com,firefighter
165,Peri,Vernier,Peri.Vernier@yopmail.com,Peri.Vernier@gmail.com,police officer
166,Tonia,Imelida,Tonia.Imelida@yopmail.com,Tonia.Imelida@gmail.com,firefighter
167,Britte,Faust,Britte.Faust@yopmail.com,Britte.Faust@gmail.com,doctor
168,Vanessa,Therine,Vanessa.Therine@yopmail.com,Vanessa.Therine@gmail.com,developer
169,Melodie,Nance,Melodie.Nance@yopmail.com,Melodie.Nance@gmail.com,developer
170,Katharina,Berl,Katharina.Berl@yopmail.com,Katharina.Berl@gmail.com,doctor
171,Pearline,McGrody,Pearline.McGrody@yopmail.com,Pearline.McGrody@gmail.com,firefighter
172,Imojean,Masao,Imojean.Masao@yopmail.com,Imojean.Masao@gmail.com,developer
173,Leia,McCutcheon,Leia.McCutcheon@yopmail.com,Leia.McCutcheon@gmail.com,worker
174,Kary,Plato,Kary.Plato@yopmail.com,Kary.Plato@gmail.com,developer
175,Robbi,Roscoe,Robbi.Roscoe@yopmail.com,Robbi.Roscoe@gmail.com,firefighter
176,Chere,Roscoe,Chere.Roscoe@yopmail.com,Chere.Roscoe@gmail.com,developer
177,Ivett,Karylin,Ivett.Karylin@yopmail.com,Ivett.Karylin@gmail.com,police officer
178,Mamie,Ehrman,Mamie.Ehrman@yopmail.com,Mamie.Ehrman@gmail.com,worker
179,Asia,Durante,Asia.Durante@yopmail.com,Asia.Durante@gmail.com,police officer
180,Evita,Hoenack,Evita.Hoenack@yopmail.com,Evita.Hoenack@gmail.com,worker
181,Peri,Janith,Peri.Janith@yopmail.com,Peri.Janith@gmail.com,firefighter
182,Ursulina,Casimir,Ursulina.Casimir@yopmail.com,Ursulina.Casimir@gmail.com,firefighter
183,Constance,Juan,Constance.Juan@yopmail.com,Constance.Juan@gmail.com,firefighter
184,Frank,Katrine,Frank.Katrine@yopmail.com,Frank.Katrine@gmail.com,doctor
185,Gabi,Hull,Gabi.Hull@yopmail.com,Gabi.Hull@gmail.com,police officer
186,Minda,Klotz,Minda.Klotz@yopmail.com,Minda.Klotz@gmail.com,doctor
187,Cathie,Truc,Cathie.Truc@yopmail.com,Cathie.Truc@gmail.com,developer
188,Marline,Ahab,Marline.Ahab@yopmail.com,Marline.Ahab@gmail.com,firefighter
189,Claudina,Scammon,Claudina.Scammon@yopmail.com,Claudina.Scammon@gmail.com,worker
190,Iseabal,Waldron,Iseabal.Waldron@yopmail.com,Iseabal.Waldron@gmail.com,firefighter
191,Anthia,Ulphia,Anthia.Ulphia@yopmail.com,Anthia.Ulphia@gmail.com,developer
192,Mary,My,Mary.My@yopmail.com,Mary.My@gmail.com,police officer
193,Chastity,Felecia,Chastity.Felecia@yopmail.com,Chastity.Felecia@gmail.com,worker
194,Drucie,Margret,Drucie.Margret@yopmail.com,Drucie.Margret@gmail.com,police officer
195,Nyssa,Iiette,Nyssa.Iiette@yopmail.com,Nyssa.Iiette@gmail.com,developer
196,Anestassia,Haerr,Anestassia.Haerr@yopmail.com,Anestassia.Haerr@gmail.com,worker
197,Joleen,Tamsky,Joleen.Tamsky@yopmail.com,Joleen.Tamsky@gmail.com,firefighter
198,Kassey,Raama,Kassey.Raama@yopmail.com,Kassey.Raama@gmail.com,police officer
199,Cecile,Kannry,Cecile.Kannry@yopmail.com,Cecile.Kannry@gmail.com,worker
200,Gusella,Nicoline,Gusella.Nicoline@yopmail.com,Gusella.Nicoline@gmail.com,police officer
201,Starla,Darrell,Starla.Darrell@yopmail.com,Starla.Darrell@gmail.com,worker
202,Devina,Lauraine,Devina.Lauraine@yopmail.com,Devina.Lauraine@gmail.com,firefighter
203,Gloria,Dalli,Gloria.Dalli@yopmail.com,Gloria.Dalli@gmail.com,police officer
204,Meriel,MacIntosh,Meriel.MacIntosh@yopmail.com,Meriel.MacIntosh@gmail.com,developer
205,Catharine,Seumas,Catharine.Seumas@yopmail.com,Catharine.Seumas@gmail.com,police officer
206,Ira,Destinee,Ira.Destinee@yopmail.com,Ira.Destinee@gmail.com,worker
207,Cassondra,Sekofski,Cassondra.Sekofski@yopmail.com,Cassondra.Sekofski@gmail.com,developer
208,Madeleine,Garek,Madeleine.Garek@yopmail.com,Madeleine.Garek@gmail.com,firefighter
209,Shandie,O'Carroll,Shandie.O'Carroll@yopmail.com,Shandie.O'Carroll@gmail.com,firefighter
210,Melina,Ulphia,Melina.Ulphia@yopmail.com,Melina.Ulphia@gmail.com,police officer
211,Leanna,Orlene,Leanna.Orlene@yopmail.com,Leanna.Orlene@gmail.com,worker
212,Nyssa,Tengdin,Nyssa.Tengdin@yopmail.com,Nyssa.Tengdin@gmail.com,doctor
213,Lory,Buffum,Lory.Buffum@yopmail.com,Lory.Buffum@gmail.com,worker
214,Yetty,Faro,Yetty.Faro@yopmail.com,Yetty.Faro@gmail.com,police officer
215,Chastity,Bartlett,Chastity.Bartlett@yopmail.com,Chastity.Bartlett@gmail.com,doctor
216,Tonia,Nicoline,Tonia.Nicoline@yopmail.com,Tonia.Nicoline@gmail.com,firefighter
217,Tabbatha,Noam,Tabbatha.Noam@yopmail.com,Tabbatha.Noam@gmail.com,firefighter
218,Candy,Anderea,Candy.Anderea@yopmail.com,Candy.Anderea@gmail.com,doctor
219,June,Hurley,June.Hurley@yopmail.com,June.Hurley@gmail.com,police officer
220,Caryl,Baylor,Caryl.Baylor@yopmail.com,Caryl.Baylor@gmail.com,doctor
221,Marnia,Johanna,Marnia.Johanna@yopmail.com,Marnia.Johanna@gmail.com,firefighter
222,Amalie,Vacuva,Amalie.Vacuva@yopmail.com,Amalie.Vacuva@gmail.com,worker
223,Lolita,Hilbert,Lolita.Hilbert@yopmail.com,Lolita.Hilbert@gmail.com,doctor
224,Mildrid,Junie,Mildrid.Junie@yopmail.com,Mildrid.Junie@gmail.com,worker
225,Lenna,Buffum,Lenna.Buffum@yopmail.com,Lenna.Buffum@gmail.com,developer
226,Frank,Brunell,Frank.Brunell@yopmail.com,Frank.Brunell@gmail.com,developer
227,Lynde,Dahlia,Lynde.Dahlia@yopmail.com,Lynde.Dahlia@gmail.com,police officer
228,Lita,Odell,Lita.Odell@yopmail.com,Lita.Odell@gmail.com,doctor
229,Etta,Rosette,Etta.Rosette@yopmail.com,Etta.Rosette@gmail.com,developer
230,Cassandra,Germann,Cassandra.Germann@yopmail.com,Cassandra.Germann@gmail.com,developer
231,Jemie,Nelsen,Jemie.Nelsen@yopmail.com,Jemie.Nelsen@gmail.com,firefighter
232,Gretal,Slifka,Gretal.Slifka@yopmail.com,Gretal.Slifka@gmail.com,firefighter
233,Lexine,Bertold,Lexine.Bertold@yopmail.com,Lexine.Bertold@gmail.com,police officer
234,Edee,Gert,Edee.Gert@yopmail.com,Edee.Gert@gmail.com,doctor
235,Bibby,Mata,Bibby.Mata@yopmail.com,Bibby.Mata@gmail.com,doctor
236,Lilith,Arquit,Lilith.Arquit@yopmail.com,Lilith.Arquit@gmail.com,developer
237,Jaclyn,Brenn,Jaclyn.Brenn@yopmail.com,Jaclyn.Brenn@gmail.com,worker
238,Tina,Aprile,Tina.Aprile@yopmail.com,Tina.Aprile@gmail.com,police officer
239,Letizia,Ambrosia,Letizia.Ambrosia@yopmail.com,Letizia.Ambrosia@gmail.com,developer
240,Dolli,Pandolfi,Dolli.Pandolfi@yopmail.com,Dolli.Pandolfi@gmail.com,firefighter
241,Carly,Hashim,Carly.Hashim@yopmail.com,Carly.Hashim@gmail.com,police officer
242,Christal,Prouty,Christal.Prouty@yopmail.com,Christal.Prouty@gmail.com,developer
243,Kerrin,Casimir,Kerrin.Casimir@yopmail.com,Kerrin.Casimir@gmail.com,worker
244,Mahalia,Percy,Mahalia.Percy@yopmail.com,Mahalia.Percy@gmail.com,worker
245,Oralee,Lay,Oralee.Lay@yopmail.com,Oralee.Lay@gmail.com,developer
246,Leona,Kylander,Leona.Kylander@yopmail.com,Leona.Kylander@gmail.com,worker
247,Lorenza,Durante,Lorenza.Durante@yopmail.com,Lorenza.Durante@gmail.com,firefighter
248,Jany,Heidt,Jany.Heidt@yopmail.com,Jany.Heidt@gmail.com,doctor
249,Mariann,Dermott,Mariann.Dermott@yopmail.com,Mariann.Dermott@gmail.com,worker
250,Kristina,Seessel,Kristina.Seessel@yopmail.com,Kristina.Seessel@gmail.com,firefighter
251,Nessie,Goldina,Nessie.Goldina@yopmail.com,Nessie.Goldina@gmail.com,police officer
252,Danika,Anyah,Danika.Anyah@yopmail.com,Danika.Anyah@gmail.com,police officer
253,Tatiania,Noelyn,Tatiania.Noelyn@yopmail.com,Tatiania.Noelyn@gmail.com,police officer
254,Devina,Louanna,Devina.Louanna@yopmail.com,Devina.Louanna@gmail.com,doctor
255,Dorthy,Oscar,Dorthy.Oscar@yopmail.com,Dorthy.Oscar@gmail.com,police officer
256,Dorothy,Tremayne,Dorothy.Tremayne@yopmail.com,Dorothy.Tremayne@gmail.com,doctor
257,Shaine,Rogerio,Shaine.Rogerio@yopmail.com,Shaine.Rogerio@gmail.com,developer
258,Lilith,Rocray,Lilith.Rocray@yopmail.com,Lilith.Rocray@gmail.com,firefighter
259,Catrina,Faro,Catrina.Faro@yopmail.com,Catrina.Faro@gmail.com,developer
260,Tina,Lory,Tina.Lory@yopmail.com,Tina.Lory@gmail.com,developer
261,Meghann,Chick,Meghann.Chick@yopmail.com,Meghann.Chick@gmail.com,developer
262,Krystle,Odysseus,Krystle.Odysseus@yopmail.com,Krystle.Odysseus@gmail.com,worker
263,Lory,Erskine,Lory.Erskine@yopmail.com,Lory.Erskine@gmail.com,worker
264,Rosaline,Craggie,Rosaline.Craggie@yopmail.com,Rosaline.Craggie@gmail.com,developer
265,Shaylyn,Salvidor,Shaylyn.Salvidor@yopmail.com,Shaylyn.Salvidor@gmail.com,doctor
266,Florencia,Honoria,Florencia.Honoria@yopmail.com,Florencia.Honoria@gmail.com,police officer
267,Jacenta,Gaynor,Jacenta.Gaynor@yopmail.com,Jacenta.Gaynor@gmail.com,worker
268,Tybie,Elo,Tybie.Elo@yopmail.com,Tybie.Elo@gmail.com,firefighter
269,Marjie,Ax,Marjie.Ax@yopmail.com,Marjie.Ax@gmail.com,worker
270,Cathie,Letsou,Cathie.Letsou@yopmail.com,Cathie.Letsou@gmail.com,worker
271,Bobinette,Sherrie,Bobinette.Sherrie@yopmail.com,Bobinette.Sherrie@gmail.com,police officer
272,Ernesta,Erminia,Ernesta.Erminia@yopmail.com,Ernesta.Erminia@gmail.com,firefighter
273,Elka,Vale,Elka.Vale@yopmail.com,Elka.Vale@gmail.com,developer
274,Carlie,Liva,Carlie.Liva@yopmail.com,Carlie.Liva@gmail.com,worker
275,Karolina,Ashely,Karolina.Ashely@yopmail.com,Karolina.Ashely@gmail.com,police officer
276,Lanae,Kimmie,Lanae.Kimmie@yopmail.com,Lanae.Kimmie@gmail.com,doctor
277,Pierette,Sherrie,Pierette.Sherrie@yopmail.com,Pierette.Sherrie@gmail.com,police officer
278,Alameda,Vale,Alameda.Vale@yopmail.com,Alameda.Vale@gmail.com,worker
279,Cassondra,Allare,Cassondra.Allare@yopmail.com,Cassondra.Allare@gmail.com,developer
280,Theodora,Kristi,Theodora.Kristi@yopmail.com,Theodora.Kristi@gmail.com,police officer
281,Kenna,Nickola,Kenna.Nickola@yopmail.com,Kenna.Nickola@gmail.com,police officer
282,Cristabel,Lytton,Cristabel.Lytton@yopmail.com,Cristabel.Lytton@gmail.com,police officer
283,Nonnah,Zina,Nonnah.Zina@yopmail.com,Nonnah.Zina@gmail.com,worker
284,Aubrie,Hourigan,Aubrie.Hourigan@yopmail.com,Aubrie.Hourigan@gmail.com,police officer
285,Gisela,Schroth,Gisela.Schroth@yopmail.com,Gisela.Schroth@gmail.com,worker
286,Myriam,Macey,Myriam.Macey@yopmail.com,Myriam.Macey@gmail.com,developer
287,Claudina,Cath,Claudina.Cath@yopmail.com,Claudina.Cath@gmail.com,police officer
288,Ekaterina,Cynar,Ekaterina.Cynar@yopmail.com,Ekaterina.Cynar@gmail.com,developer
289,Chickie,Zola,Chickie.Zola@yopmail.com,Chickie.Zola@gmail.com,police officer
290,Hyacinthe,Kathie,Hyacinthe.Kathie@yopmail.com,Hyacinthe.Kathie@gmail.com,firefighter
291,Eve,Donoghue,Eve.Donoghue@yopmail.com,Eve.Donoghue@gmail.com,developer
292,Mildrid,Eldrid,Mildrid.Eldrid@yopmail.com,Mildrid.Eldrid@gmail.com,worker
293,Karlee,Kravits,Karlee.Kravits@yopmail.com,Karlee.Kravits@gmail.com,worker
294,Carree,Schalles,Carree.Schalles@yopmail.com,Carree.Schalles@gmail.com,doctor
295,Marinna,Meli,Marinna.Meli@yopmail.com,Marinna.Meli@gmail.com,police officer
296,Vonny,Ferrell,Vonny.Ferrell@yopmail.com,Vonny.Ferrell@gmail.com,firefighter
297,Annice,Simmonds,Annice.Simmonds@yopmail.com,Annice.Simmonds@gmail.com,doctor
298,Mignon,Ludewig,Mignon.Ludewig@yopmail.com,Mignon.Ludewig@gmail.com,worker
299,Michaelina,Sasnett,Michaelina.Sasnett@yopmail.com,Michaelina.Sasnett@gmail.com,worker
300,Tracey,Dom,Tracey.Dom@yopmail.com,Tracey.Dom@gmail.com,firefighter
301,Maye,Truc,Maye.Truc@yopmail.com,Maye.Truc@gmail.com,doctor
302,Constance,Kaja,Constance.Kaja@yopmail.com,Constance.Kaja@gmail.com,developer
303,Georgina,Lacombe,Georgina.Lacombe@yopmail.com,Georgina.Lacombe@gmail.com,firefighter
304,Christian,Stephie,Christian.Stephie@yopmail.com,Christian.Stephie@gmail.com,worker
305,Glenda,Melleta,Glenda.Melleta@yopmail.com,Glenda.Melleta@gmail.com,worker
306,Chickie,Kolnick,Chickie.Kolnick@yopmail.com,Chickie.Kolnick@gmail.com,doctor
307,Nariko,Schonfeld,Nariko.Schonfeld@yopmail.com,Nariko.Schonfeld@gmail.com,doctor
308,Darlleen,Denis,Darlleen.Denis@yopmail.com,Darlleen.Denis@gmail.com,doctor
309,Maryellen,Burch,Maryellen.Burch@yopmail.com,Maryellen.Burch@gmail.com,police officer
310,Tilly,Saree,Tilly.Saree@yopmail.com,Tilly.Saree@gmail.com,police officer
311,Sue,Horan,Sue.Horan@yopmail.com,Sue.Horan@gmail.com,doctor
312,Lexine,Noelyn,Lexine.Noelyn@yopmail.com,Lexine.Noelyn@gmail.com,police officer
313,Caryl,Ezar,Caryl.Ezar@yopmail.com,Caryl.Ezar@gmail.com,police officer
314,Rhoda,Middleton,Rhoda.Middleton@yopmail.com,Rhoda.Middleton@gmail.com,developer
315,Emma,Brittani,Emma.Brittani@yopmail.com,Emma.Brittani@gmail.com,police officer
316,Sarette,Parsaye,Sarette.Parsaye@yopmail.com,Sarette.Parsaye@gmail.com,worker
317,Lory,Maiah,Lory.Maiah@yopmail.com,Lory.Maiah@gmail.com,worker
318,Miquela,Jenness,Miquela.Jenness@yopmail.com,Miquela.Jenness@gmail.com,doctor
319,Evaleen,Clarissa,Evaleen.Clarissa@yopmail.com,Evaleen.Clarissa@gmail.com,police officer
320,Valeda,Schonfeld,Valeda.Schonfeld@yopmail.com,Valeda.Schonfeld@gmail.com,doctor
321,Viviene,Duwalt,Viviene.Duwalt@yopmail.com,Viviene.Duwalt@gmail.com,worker
322,Almeta,Loring,Almeta.Loring@yopmail.com,Almeta.Loring@gmail.com,police officer
323,Rozele,Wesle,Rozele.Wesle@yopmail.com,Rozele.Wesle@gmail.com,police officer
324,Corry,Gladstone,Corry.Gladstone@yopmail.com,Corry.Gladstone@gmail.com,firefighter
325,Morganica,Decato,Morganica.Decato@yopmail.com,Morganica.Decato@gmail.com,firefighter
326,Viviene,Chauncey,Viviene.Chauncey@yopmail.com,Viviene.Chauncey@gmail.com,developer
327,Nariko,Skell,Nariko.Skell@yopmail.com,Nariko.Skell@gmail.com,police officer
328,Keelia,Candy,Keelia.Candy@yopmail.com,Keelia.Candy@gmail.com,worker
329,Kayla,Stacy,Kayla.Stacy@yopmail.com,Kayla.Stacy@gmail.com,worker
330,Ricky,Schlosser,Ricky.Schlosser@yopmail.com,Ricky.Schlosser@gmail.com,firefighter
331,Katuscha,Stilwell,Katuscha.Stilwell@yopmail.com,Katuscha.Stilwell@gmail.com,doctor
332,Suzette,Diann,Suzette.Diann@yopmail.com,Suzette.Diann@gmail.com,doctor
333,Hermione,Evvie,Hermione.Evvie@yopmail.com,Hermione.Evvie@gmail.com,firefighter
334,Carmencita,My,Carmencita.My@yopmail.com,Carmencita.My@gmail.com,doctor
335,Lacie,Torray,Lacie.Torray@yopmail.com,Lacie.Torray@gmail.com,worker
336,Lita,Morehouse,Lita.Morehouse@yopmail.com,Lita.Morehouse@gmail.com,developer
337,Addia,Sancho,Addia.Sancho@yopmail.com,Addia.Sancho@gmail.com,police officer
338,Mary,Burnside,Mary.Burnside@yopmail.com,Mary.Burnside@gmail.com,worker
339,Bernardine,Hull,Bernardine.Hull@yopmail.com,Bernardine.Hull@gmail.com,developer
340,Estell,Waite,Estell.Waite@yopmail.com,Estell.Waite@gmail.com,worker
341,Arlina,Vilma,Arlina.Vilma@yopmail.com,Arlina.Vilma@gmail.com,worker
342,Lelah,Gillan,Lelah.Gillan@yopmail.com,Lelah.Gillan@gmail.com,doctor
343,Lesly,Ietta,Lesly.Ietta@yopmail.com,Lesly.Ietta@gmail.com,firefighter
344,Donnie,Paton,Donnie.Paton@yopmail.com,Donnie.Paton@gmail.com,worker
345,Jessy,Loleta,Jessy.Loleta@yopmail.com,Jessy.Loleta@gmail.com,firefighter
346,Neila,Cecile,Neila.Cecile@yopmail.com,Neila.Cecile@gmail.com,police officer
347,Gui,Sherfield,Gui.Sherfield@yopmail.com,Gui.Sherfield@gmail.com,doctor
348,Charissa,Philipp,Charissa.Philipp@yopmail.com,Charissa.Philipp@gmail.com,worker
349,Vinita,McClimans,Vinita.McClimans@yopmail.com,Vinita.McClimans@gmail.com,worker
350,Margarette,Koziara,Margarette.Koziara@yopmail.com,Margarette.Koziara@gmail.com,doctor
351,Halette,Aida,Halette.Aida@yopmail.com,Halette.Aida@gmail.com,worker
352,Cherilyn,Lissi,Cherilyn.Lissi@yopmail.com,Cherilyn.Lissi@gmail.com,worker
353,Roberta,Saint,Roberta.Saint@yopmail.com,Roberta.Saint@gmail.com,doctor
354,Wileen,Gunn,Wileen.Gunn@yopmail.com,Wileen.Gunn@gmail.com,developer
355,Rayna,Slifka,Rayna.Slifka@yopmail.com,Rayna.Slifka@gmail.com,police officer
356,Gianina,Haldas,Gianina.Haldas@yopmail.com,Gianina.Haldas@gmail.com,worker
357,Jolyn,Lorain,Jolyn.Lorain@yopmail.com,Jolyn.Lorain@gmail.com,worker
358,Phylis,Tarrant,Phylis.Tarrant@yopmail.com,Phylis.Tarrant@gmail.com,developer
359,Bettine,Silvan,Bettine.Silvan@yopmail.com,Bettine.Silvan@gmail.com,worker
360,Esmeralda,Zola,Esmeralda.Zola@yopmail.com,Esmeralda.Zola@gmail.com,developer
361,Trudie,Ardra,Trudie.Ardra@yopmail.com,Trudie.Ardra@gmail.com,doctor
362,Deloria,Kimmie,Deloria.Kimmie@yopmail.com,Deloria.Kimmie@gmail.com,worker
363,Kate,Wolfgram,Kate.Wolfgram@yopmail.com,Kate.Wolfgram@gmail.com,developer
364,Cristabel,Rese,Cristabel.Rese@yopmail.com,Cristabel.Rese@gmail.com,worker
365,Blake,Madaih,Blake.Madaih@yopmail.com,Blake.Madaih@gmail.com,worker
366,Nerta,Morgun,Nerta.Morgun@yopmail.com,Nerta.Morgun@gmail.com,worker
367,Zaria,Imelida,Zaria.Imelida@yopmail.com,Zaria.Imelida@gmail.com,firefighter
368,Vita,Voletta,Vita.Voletta@yopmail.com,Vita.Voletta@gmail.com,police officer
369,Madelle,Mitzi,Madelle.Mitzi@yopmail.com,Madelle.Mitzi@gmail.com,firefighter
370,Lisette,Nester,Lisette.Nester@yopmail.com,Lisette.Nester@gmail.com,police officer
371,Annabela,Greyson,Annabela.Greyson@yopmail.com,Annabela.Greyson@gmail.com,firefighter
372,Corry,Annabella,Corry.Annabella@yopmail.com,Corry.Annabella@gmail.com,police officer
373,Karly,Maroney,Karly.Maroney@yopmail.com,Karly.Maroney@gmail.com,worker
374,Robbi,Havens,Robbi.Havens@yopmail.com,Robbi.Havens@gmail.com,firefighter
375,Raquela,Cornelia,Raquela.Cornelia@yopmail.com,Raquela.Cornelia@gmail.com,worker
376,Mathilda,Lipson,Mathilda.Lipson@yopmail.com,Mathilda.Lipson@gmail.com,developer
377,Neila,Melleta,Neila.Melleta@yopmail.com,Neila.Melleta@gmail.com,police officer
378,Belinda,Morrill,Belinda.Morrill@yopmail.com,Belinda.Morrill@gmail.com,doctor
379,Calla,Kress,Calla.Kress@yopmail.com,Calla.Kress@gmail.com,firefighter
380,Zsa Zsa,Ethban,Zsa Zsa.Ethban@yopmail.com,Zsa Zsa.Ethban@gmail.com,worker
381,Kayla,Ciapas,Kayla.Ciapas@yopmail.com,Kayla.Ciapas@gmail.com,firefighter
382,Edith,Prouty,Edith.Prouty@yopmail.com,Edith.Prouty@gmail.com,worker
383,Malina,Grosz,Malina.Grosz@yopmail.com,Malina.Grosz@gmail.com,worker
384,Krystle,Sacken,Krystle.Sacken@yopmail.com,Krystle.Sacken@gmail.com,developer
385,Evaleen,Euridice,Evaleen.Euridice@yopmail.com,Evaleen.Euridice@gmail.com,worker
386,Shaylyn,Francyne,Shaylyn.Francyne@yopmail.com,Shaylyn.Francyne@gmail.com,firefighter
387,Nananne,Eno,Nananne.Eno@yopmail.com,Nananne.Eno@gmail.com,police officer
388,Queenie,Firmin,Queenie.Firmin@yopmail.com,Queenie.Firmin@gmail.com,police officer
389,Vanessa,Kimmie,Vanessa.Kimmie@yopmail.com,Vanessa.Kimmie@gmail.com,worker
390,Dacia,Couture,Dacia.Couture@yopmail.com,Dacia.Couture@gmail.com,police officer
391,Emma,Lory,Emma.Lory@yopmail.com,Emma.Lory@gmail.com,police officer
392,Lory,Bord,Lory.Bord@yopmail.com,Lory.Bord@gmail.com,developer
393,Sindee,Thomasina,Sindee.Thomasina@yopmail.com,Sindee.Thomasina@gmail.com,worker
394,Halette,Stacy,Halette.Stacy@yopmail.com,Halette.Stacy@gmail.com,firefighter
395,Jackie,Malvino,Jackie.Malvino@yopmail.com,Jackie.Malvino@gmail.com,doctor
396,Gilligan,Selway,Gilligan.Selway@yopmail.com,Gilligan.Selway@gmail.com,developer
397,Kristan,Emerson,Kristan.Emerson@yopmail.com,Kristan.Emerson@gmail.com,worker
398,Kial,Catie,Kial.Catie@yopmail.com,Kial.Catie@gmail.com,police officer
399,Fanny,Rocray,Fanny.Rocray@yopmail.com,Fanny.Rocray@gmail.com,developer
400,Sherrie,Claudine,Sherrie.Claudine@yopmail.com,Sherrie.Claudine@gmail.com,doctor
401,Maridel,Wolfgram,Maridel.Wolfgram@yopmail.com,Maridel.Wolfgram@gmail.com,firefighter
402,Sandie,Bow,Sandie.Bow@yopmail.com,Sandie.Bow@gmail.com,firefighter
403,Sadie,Socha,Sadie.Socha@yopmail.com,Sadie.Socha@gmail.com,developer
404,Nelle,Garrison,Nelle.Garrison@yopmail.com,Nelle.Garrison@gmail.com,police officer
405,Leanna,Jethro,Leanna.Jethro@yopmail.com,Leanna.Jethro@gmail.com,police officer
406,Flory,Fancie,Flory.Fancie@yopmail.com,Flory.Fancie@gmail.com,developer
407,Lusa,My,Lusa.My@yopmail.com,Lusa.My@gmail.com,worker
408,Ashlee,Saree,Ashlee.Saree@yopmail.com,Ashlee.Saree@gmail.com,firefighter
409,Corina,Pierette,Corina.Pierette@yopmail.com,Corina.Pierette@gmail.com,worker
410,Rosabelle,Leler,Rosabelle.Leler@yopmail.com,Rosabelle.Leler@gmail.com,worker
411,Hyacinthe,Glenden,Hyacinthe.Glenden@yopmail.com,Hyacinthe.Glenden@gmail.com,firefighter
412,Frances,Yoko,Frances.Yoko@yopmail.com,Frances.Yoko@gmail.com,doctor
413,Tybie,Rona,Tybie.Rona@yopmail.com,Tybie.Rona@gmail.com,police officer
414,Lolita,Carri,Lolita.Carri@yopmail.com,Lolita.Carri@gmail.com,developer
415,Kore,Celestine,Kore.Celestine@yopmail.com,Kore.Celestine@gmail.com,doctor
416,Delilah,Curren,Delilah.Curren@yopmail.com,Delilah.Curren@gmail.com,police officer
417,Adore,Nikaniki,Adore.Nikaniki@yopmail.com,Adore.Nikaniki@gmail.com,firefighter
418,Deedee,Iaverne,Deedee.Iaverne@yopmail.com,Deedee.Iaverne@gmail.com,police officer
419,Jaclyn,Winthorpe,Jaclyn.Winthorpe@yopmail.com,Jaclyn.Winthorpe@gmail.com,firefighter
420,Kaja,Colbert,Kaja.Colbert@yopmail.com,Kaja.Colbert@gmail.com,police officer
421,Madeleine,Old,Madeleine.Old@yopmail.com,Madeleine.Old@gmail.com,police officer
422,Mureil,Gabrielli,Mureil.Gabrielli@yopmail.com,Mureil.Gabrielli@gmail.com,developer
423,Dorice,Rona,Dorice.Rona@yopmail.com,Dorice.Rona@gmail.com,police officer
424,Mignon,MacIntosh,Mignon.MacIntosh@yopmail.com,Mignon.MacIntosh@gmail.com,doctor
425,Heddie,Agle,Heddie.Agle@yopmail.com,Heddie.Agle@gmail.com,doctor
426,Jinny,Daegal,Jinny.Daegal@yopmail.com,Jinny.Daegal@gmail.com,firefighter
427,Ethel,Bollay,Ethel.Bollay@yopmail.com,Ethel.Bollay@gmail.com,police officer
428,Cissiee,Kosey,Cissiee.Kosey@yopmail.com,Cissiee.Kosey@gmail.com,firefighter
429,Bobbi,Sholley,Bobbi.Sholley@yopmail.com,Bobbi.Sholley@gmail.com,developer
430,Sonni,Madaih,Sonni.Madaih@yopmail.com,Sonni.Madaih@gmail.com,firefighter
431,Flory,Macey,Flory.Macey@yopmail.com,Flory.Macey@gmail.com,developer
432,Mary,Bahr,Mary.Bahr@yopmail.com,Mary.Bahr@gmail.com,police officer
433,Cathyleen,Bakerman,Cathyleen.Bakerman@yopmail.com,Cathyleen.Bakerman@gmail.com,developer
434,Edith,Lorain,Edith.Lorain@yopmail.com,Edith.Lorain@gmail.com,worker
435,Millie,Ophelia,Millie.Ophelia@yopmail.com,Millie.Ophelia@gmail.com,doctor
436,Marcy,Ambrosia,Marcy.Ambrosia@yopmail.com,Marcy.Ambrosia@gmail.com,developer
437,Jessy,Dosia,Jessy.Dosia@yopmail.com,Jessy.Dosia@gmail.com,worker
438,Kittie,Ranjiv,Kittie.Ranjiv@yopmail.com,Kittie.Ranjiv@gmail.com,developer
439,Elise,Faro,Elise.Faro@yopmail.com,Elise.Faro@gmail.com,developer
440,Stevana,Gale,Stevana.Gale@yopmail.com,Stevana.Gale@gmail.com,worker
441,Sadie,Robertson,Sadie.Robertson@yopmail.com,Sadie.Robertson@gmail.com,doctor
442,Karlee,Dex,Karlee.Dex@yopmail.com,Karlee.Dex@gmail.com,doctor
443,Peri,Fredi,Peri.Fredi@yopmail.com,Peri.Fredi@gmail.com,police officer
444,Carol-Jean,Roarke,Carol-Jean.Roarke@yopmail.com,Carol-Jean.Roarke@gmail.com,developer
445,Harmonia,Burkle,Harmonia.Burkle@yopmail.com,Harmonia.Burkle@gmail.com,developer
446,Trudie,An,Trudie.An@yopmail.com,Trudie.An@gmail.com,developer
447,Alleen,Allina,Alleen.Allina@yopmail.com,Alleen.Allina@gmail.com,worker
448,Berget,Toni,Berget.Toni@yopmail.com,Berget.Toni@gmail.com,worker
449,Ekaterina,Gaal,Ekaterina.Gaal@yopmail.com,Ekaterina.Gaal@gmail.com,developer
450,Yolane,Campball,Yolane.Campball@yopmail.com,Yolane.Campball@gmail.com,worker
451,Elena,Esmaria,Elena.Esmaria@yopmail.com,Elena.Esmaria@gmail.com,developer
452,Corina,Rocray,Corina.Rocray@yopmail.com,Corina.Rocray@gmail.com,developer
453,Karlee,Claudine,Karlee.Claudine@yopmail.com,Karlee.Claudine@gmail.com,doctor
454,Iseabal,Katrine,Iseabal.Katrine@yopmail.com,Iseabal.Katrine@gmail.com,police officer
455,Shell,Pip,Shell.Pip@yopmail.com,Shell.Pip@gmail.com,police officer
456,Beth,Prober,Beth.Prober@yopmail.com,Beth.Prober@gmail.com,doctor
457,Donnie,Kronfeld,Donnie.Kronfeld@yopmail.com,Donnie.Kronfeld@gmail.com,police officer
458,Aigneis,Seagraves,Aigneis.Seagraves@yopmail.com,Aigneis.Seagraves@gmail.com,developer
459,Kenna,Virgin,Kenna.Virgin@yopmail.com,Kenna.Virgin@gmail.com,doctor
460,Gusty,Pond,Gusty.Pond@yopmail.com,Gusty.Pond@gmail.com,firefighter
461,Marylou,Stav,Marylou.Stav@yopmail.com,Marylou.Stav@gmail.com,doctor
462,Cecile,Forrer,Cecile.Forrer@yopmail.com,Cecile.Forrer@gmail.com,doctor
463,Anica,Daegal,Anica.Daegal@yopmail.com,Anica.Daegal@gmail.com,firefighter
464,Karina,Faro,Karina.Faro@yopmail.com,Karina.Faro@gmail.com,developer
465,Corene,Kiersten,Corene.Kiersten@yopmail.com,Corene.Kiersten@gmail.com,worker
466,Susan,Jacqui,Susan.Jacqui@yopmail.com,Susan.Jacqui@gmail.com,police officer
467,Renae,Reneta,Renae.Reneta@yopmail.com,Renae.Reneta@gmail.com,worker
468,Rosaline,Dorine,Rosaline.Dorine@yopmail.com,Rosaline.Dorine@gmail.com,worker
469,Jordan,Ochs,Jordan.Ochs@yopmail.com,Jordan.Ochs@gmail.com,doctor
470,Kerrin,Dawkins,Kerrin.Dawkins@yopmail.com,Kerrin.Dawkins@gmail.com,doctor
471,Genevra,Peonir,Genevra.Peonir@yopmail.com,Genevra.Peonir@gmail.com,developer
472,Candi,Pacorro,Candi.Pacorro@yopmail.com,Candi.Pacorro@gmail.com,doctor
473,Hayley,Montgomery,Hayley.Montgomery@yopmail.com,Hayley.Montgomery@gmail.com,police officer
474,Yvonne,Sheedy,Yvonne.Sheedy@yopmail.com,Yvonne.Sheedy@gmail.com,worker
475,Damaris,Masao,Damaris.Masao@yopmail.com,Damaris.Masao@gmail.com,developer
476,Clo,Dunkin,Clo.Dunkin@yopmail.com,Clo.Dunkin@gmail.com,firefighter
477,Addia,Libna,Addia.Libna@yopmail.com,Addia.Libna@gmail.com,doctor
478,Ottilie,Devlen,Ottilie.Devlen@yopmail.com,Ottilie.Devlen@gmail.com,doctor
479,Gabi,Zaslow,Gabi.Zaslow@yopmail.com,Gabi.Zaslow@gmail.com,worker
480,Edee,Waldron,Edee.Waldron@yopmail.com,Edee.Waldron@gmail.com,doctor
481,Tatiania,Adore,Tatiania.Adore@yopmail.com,Tatiania.Adore@gmail.com,developer
482,Claudina,Clarissa,Claudina.Clarissa@yopmail.com,Claudina.Clarissa@gmail.com,firefighter
483,Elyssa,Geffner,Elyssa.Geffner@yopmail.com,Elyssa.Geffner@gmail.com,firefighter
484,Gilligan,Dorine,Gilligan.Dorine@yopmail.com,Gilligan.Dorine@gmail.com,police officer
485,Carlie,Rolf,Carlie.Rolf@yopmail.com,Carlie.Rolf@gmail.com,police officer
486,Roz,Cookie,Roz.Cookie@yopmail.com,Roz.Cookie@gmail.com,developer
487,Merci,Virgin,Merci.Virgin@yopmail.com,Merci.Virgin@gmail.com,doctor
488,Desirae,Moseley,Desirae.Moseley@yopmail.com,Desirae.Moseley@gmail.com,doctor
489,Susan,Hertzfeld,Susan.Hertzfeld@yopmail.com,Susan.Hertzfeld@gmail.com,firefighter
490,Larine,Ralfston,Larine.Ralfston@yopmail.com,Larine.Ralfston@gmail.com,developer
491,Wanda,Marijo,Wanda.Marijo@yopmail.com,Wanda.Marijo@gmail.com,developer
492,Sheelagh,Yorick,Sheelagh.Yorick@yopmail.com,Sheelagh.Yorick@gmail.com,worker
493,Ellette,Orpah,Ellette.Orpah@yopmail.com,Ellette.Orpah@gmail.com,firefighter
494,Averyl,Othilia,Averyl.Othilia@yopmail.com,Averyl.Othilia@gmail.com,doctor
495,Alexine,Eno,Alexine.Eno@yopmail.com,Alexine.Eno@gmail.com,doctor
496,Kalina,Borrell,Kalina.Borrell@yopmail.com,Kalina.Borrell@gmail.com,worker
497,Janenna,Tarrant,Janenna.Tarrant@yopmail.com,Janenna.Tarrant@gmail.com,police officer
498,Jaclyn,Roxanna,Jaclyn.Roxanna@yopmail.com,Jaclyn.Roxanna@gmail.com,developer
499,Debee,Belanger,Debee.Belanger@yopmail.com,Debee.Belanger@gmail.com,developer
500,Yolane,Even,Yolane.Even@yopmail.com,Yolane.Even@gmail.com,doctor
501,Lily,Ellord,Lily.Ellord@yopmail.com,Lily.Ellord@gmail.com,police officer
502,Dacia,Tufts,Dacia.Tufts@yopmail.com,Dacia.Tufts@gmail.com,worker
503,Jerry,Podvin,Jerry.Podvin@yopmail.com,Jerry.Podvin@gmail.com,developer
504,Rosaline,Heidt,Rosaline.Heidt@yopmail.com,Rosaline.Heidt@gmail.com,police officer
505,Arlina,Joachim,Arlina.Joachim@yopmail.com,Arlina.Joachim@gmail.com,developer
506,Gabi,Koziara,Gabi.Koziara@yopmail.com,Gabi.Koziara@gmail.com,firefighter
507,Daphne,Zenas,Daphne.Zenas@yopmail.com,Daphne.Zenas@gmail.com,developer
508,Sam,Saunderson,Sam.Saunderson@yopmail.com,Sam.Saunderson@gmail.com,worker
509,Tomasina,Minetta,Tomasina.Minetta@yopmail.com,Tomasina.Minetta@gmail.com,worker
510,Amalie,Chesna,Amalie.Chesna@yopmail.com,Amalie.Chesna@gmail.com,worker
511,Candi,Pip,Candi.Pip@yopmail.com,Candi.Pip@gmail.com,police officer
512,Wilma,Erskine,Wilma.Erskine@yopmail.com,Wilma.Erskine@gmail.com,worker
513,Dorice,Mott,Dorice.Mott@yopmail.com,Dorice.Mott@gmail.com,doctor
514,Brynna,Kaja,Brynna.Kaja@yopmail.com,Brynna.Kaja@gmail.com,police officer
515,Sarette,Sikorski,Sarette.Sikorski@yopmail.com,Sarette.Sikorski@gmail.com,doctor
516,Gwyneth,Nance,Gwyneth.Nance@yopmail.com,Gwyneth.Nance@gmail.com,firefighter
517,Giustina,Vins,Giustina.Vins@yopmail.com,Giustina.Vins@gmail.com,police officer
518,Alexine,Donoghue,Alexine.Donoghue@yopmail.com,Alexine.Donoghue@gmail.com,police officer
519,Danika,Ciro,Danika.Ciro@yopmail.com,Danika.Ciro@gmail.com,police officer
520,Lyssa,Levey,Lyssa.Levey@yopmail.com,Lyssa.Levey@gmail.com,police officer
521,Jenda,Lea,Jenda.Lea@yopmail.com,Jenda.Lea@gmail.com,police officer
522,Amalie,Argus,Amalie.Argus@yopmail.com,Amalie.Argus@gmail.com,developer
523,Calla,Elisha,Calla.Elisha@yopmail.com,Calla.Elisha@gmail.com,firefighter
524,Roslyn,Obed,Roslyn.Obed@yopmail.com,Roslyn.Obed@gmail.com,developer
525,Alisha,Selway,Alisha.Selway@yopmail.com,Alisha.Selway@gmail.com,developer
526,Mariele,Brady,Mariele.Brady@yopmail.com,Mariele.Brady@gmail.com,firefighter
527,Paulita,Ashok,Paulita.Ashok@yopmail.com,Paulita.Ashok@gmail.com,firefighter
528,Allyce,Gert,Allyce.Gert@yopmail.com,Allyce.Gert@gmail.com,worker
529,Roberta,Boehike,Roberta.Boehike@yopmail.com,Roberta.Boehike@gmail.com,firefighter
530,Michaelina,Pacorro,Michaelina.Pacorro@yopmail.com,Michaelina.Pacorro@gmail.com,firefighter
531,Dania,Riva,Dania.Riva@yopmail.com,Dania.Riva@gmail.com,firefighter
532,Marcy,Sidonius,Marcy.Sidonius@yopmail.com,Marcy.Sidonius@gmail.com,police officer
533,Edee,Vilma,Edee.Vilma@yopmail.com,Edee.Vilma@gmail.com,worker
534,Merry,Swanhildas,Merry.Swanhildas@yopmail.com,Merry.Swanhildas@gmail.com,developer
535,Konstance,Peg,Konstance.Peg@yopmail.com,Konstance.Peg@gmail.com,police officer
536,Joane,Stephie,Joane.Stephie@yopmail.com,Joane.Stephie@gmail.com,doctor
537,Sabina,Masao,Sabina.Masao@yopmail.com,Sabina.Masao@gmail.com,police officer
538,Antonietta,Toffic,Antonietta.Toffic@yopmail.com,Antonietta.Toffic@gmail.com,worker
539,Elvira,Primalia,Elvira.Primalia@yopmail.com,Elvira.Primalia@gmail.com,developer
540,Madalyn,Hillel,Madalyn.Hillel@yopmail.com,Madalyn.Hillel@gmail.com,worker
541,Riannon,Guildroy,Riannon.Guildroy@yopmail.com,Riannon.Guildroy@gmail.com,police officer
542,Veda,Jenness,Veda.Jenness@yopmail.com,Veda.Jenness@gmail.com,doctor
543,Averyl,Argus,Averyl.Argus@yopmail.com,Averyl.Argus@gmail.com,firefighter
544,Ira,Bury,Ira.Bury@yopmail.com,Ira.Bury@gmail.com,police officer
545,Gwenneth,Eliathas,Gwenneth.Eliathas@yopmail.com,Gwenneth.Eliathas@gmail.com,police officer
546,Christy,Sammons,Christy.Sammons@yopmail.com,Christy.Sammons@gmail.com,doctor
547,Fernande,Ilka,Fernande.Ilka@yopmail.com,Fernande.Ilka@gmail.com,worker
548,Lilith,Pyle,Lilith.Pyle@yopmail.com,Lilith.Pyle@gmail.com,worker
549,Carly,Chabot,Carly.Chabot@yopmail.com,Carly.Chabot@gmail.com,firefighter
550,Barbi,Macey,Barbi.Macey@yopmail.com,Barbi.Macey@gmail.com,police officer
551,Dede,Ariella,Dede.Ariella@yopmail.com,Dede.Ariella@gmail.com,police officer
552,Cacilie,Ventre,Cacilie.Ventre@yopmail.com,Cacilie.Ventre@gmail.com,doctor
553,Doro,Brandice,Doro.Brandice@yopmail.com,Doro.Brandice@gmail.com,firefighter
554,Daphne,Gower,Daphne.Gower@yopmail.com,Daphne.Gower@gmail.com,doctor
555,Fredericka,Shelba,Fredericka.Shelba@yopmail.com,Fredericka.Shelba@gmail.com,developer
556,Corry,Nikaniki,Corry.Nikaniki@yopmail.com,Corry.Nikaniki@gmail.com,worker
557,Hollie,Yerkovich,Hollie.Yerkovich@yopmail.com,Hollie.Yerkovich@gmail.com,firefighter
558,Hollie,Lubin,Hollie.Lubin@yopmail.com,Hollie.Lubin@gmail.com,firefighter
559,Alyssa,Selway,Alyssa.Selway@yopmail.com,Alyssa.Selway@gmail.com,firefighter
560,Madalyn,Olnee,Madalyn.Olnee@yopmail.com,Madalyn.Olnee@gmail.com,developer
561,Mariann,Hylan,Mariann.Hylan@yopmail.com,Mariann.Hylan@gmail.com,doctor
562,Britni,Cyrie,Britni.Cyrie@yopmail.com,Britni.Cyrie@gmail.com,developer
563,Dulce,Kaete,Dulce.Kaete@yopmail.com,Dulce.Kaete@gmail.com,firefighter
564,Brietta,Elo,Brietta.Elo@yopmail.com,Brietta.Elo@gmail.com,police officer
565,Letizia,Fabiola,Letizia.Fabiola@yopmail.com,Letizia.Fabiola@gmail.com,developer
566,Rosabelle,Dosia,Rosabelle.Dosia@yopmail.com,Rosabelle.Dosia@gmail.com,firefighter
567,Tami,Frendel,Tami.Frendel@yopmail.com,Tami.Frendel@gmail.com,worker
568,Romona,Hollingsworth,Romona.Hollingsworth@yopmail.com,Romona.Hollingsworth@gmail.com,police officer
569,Theodora,Elephus,Theodora.Elephus@yopmail.com,Theodora.Elephus@gmail.com,worker
570,Britni,Dom,Britni.Dom@yopmail.com,Britni.Dom@gmail.com,police officer
571,Elmira,Hermes,Elmira.Hermes@yopmail.com,Elmira.Hermes@gmail.com,police officer
572,Sandie,Claudine,Sandie.Claudine@yopmail.com,Sandie.Claudine@gmail.com,firefighter
573,Renie,Devlen,Renie.Devlen@yopmail.com,Renie.Devlen@gmail.com,firefighter
574,Eadie,Pearse,Eadie.Pearse@yopmail.com,Eadie.Pearse@gmail.com,developer
575,Nollie,Argus,Nollie.Argus@yopmail.com,Nollie.Argus@gmail.com,developer
576,Margarette,Marcellus,Margarette.Marcellus@yopmail.com,Margarette.Marcellus@gmail.com,worker
577,Sashenka,Drus,Sashenka.Drus@yopmail.com,Sashenka.Drus@gmail.com,worker
578,Emmey,Aaberg,Emmey.Aaberg@yopmail.com,Emmey.Aaberg@gmail.com,developer
579,Lesly,Munn,Lesly.Munn@yopmail.com,Lesly.Munn@gmail.com,doctor
580,Roberta,Lewes,Roberta.Lewes@yopmail.com,Roberta.Lewes@gmail.com,police officer
581,Marita,Argus,Marita.Argus@yopmail.com,Marita.Argus@gmail.com,doctor
582,Teriann,Emerson,Teriann.Emerson@yopmail.com,Teriann.Emerson@gmail.com,firefighter
583,Nessie,Maisey,Nessie.Maisey@yopmail.com,Nessie.Maisey@gmail.com,worker
584,Meghann,Jethro,Meghann.Jethro@yopmail.com,Meghann.Jethro@gmail.com,police officer
585,Ketti,Imelida,Ketti.Imelida@yopmail.com,Ketti.Imelida@gmail.com,developer
586,Berta,Gusella,Berta.Gusella@yopmail.com,Berta.Gusella@gmail.com,doctor
587,Willetta,Rozanna,Willetta.Rozanna@yopmail.com,Willetta.Rozanna@gmail.com,developer
588,Claudina,Kamaria,Claudina.Kamaria@yopmail.com,Claudina.Kamaria@gmail.com,police officer
589,Jany,Izaak,Jany.Izaak@yopmail.com,Jany.Izaak@gmail.com,developer
590,Emma,Jerald,Emma.Jerald@yopmail.com,Emma.Jerald@gmail.com,developer
591,Deedee,Olympium,Deedee.Olympium@yopmail.com,Deedee.Olympium@gmail.com,developer
592,Corly,Kevon,Corly.Kevon@yopmail.com,Corly.Kevon@gmail.com,police officer
593,Roberta,Ricarda,Roberta.Ricarda@yopmail.com,Roberta.Ricarda@gmail.com,police officer
594,Jan,Gamaliel,Jan.Gamaliel@yopmail.com,Jan.Gamaliel@gmail.com,doctor
595,Debee,Dyche,Debee.Dyche@yopmail.com,Debee.Dyche@gmail.com,worker
596,Ezmeralda,Mich,Ezmeralda.Mich@yopmail.com,Ezmeralda.Mich@gmail.com,firefighter
597,Orsola,Westphal,Orsola.Westphal@yopmail.com,Orsola.Westphal@gmail.com,police officer
598,Jany,Roxanna,Jany.Roxanna@yopmail.com,Jany.Roxanna@gmail.com,doctor
599,Elyssa,Rosette,Elyssa.Rosette@yopmail.com,Elyssa.Rosette@gmail.com,doctor
600,Ana,Fink,Ana.Fink@yopmail.com,Ana.Fink@gmail.com,police officer
601,Georgetta,Cordi,Georgetta.Cordi@yopmail.com,Georgetta.Cordi@gmail.com,doctor
602,Verla,Lail,Verla.Lail@yopmail.com,Verla.Lail@gmail.com,police officer
603,Meriel,Goode,Meriel.Goode@yopmail.com,Meriel.Goode@gmail.com,worker
604,Cindelyn,Llovera,Cindelyn.Llovera@yopmail.com,Cindelyn.Llovera@gmail.com,doctor
605,Candy,Schonfeld,Candy.Schonfeld@yopmail.com,Candy.Schonfeld@gmail.com,developer
606,Ana,Nore,Ana.Nore@yopmail.com,Ana.Nore@gmail.com,police officer
607,Ursulina,Quent,Ursulina.Quent@yopmail.com,Ursulina.Quent@gmail.com,firefighter
608,Charmaine,Pip,Charmaine.Pip@yopmail.com,Charmaine.Pip@gmail.com,developer
609,Nananne,Newell,Nananne.Newell@yopmail.com,Nananne.Newell@gmail.com,police officer
610,Viviene,Philipp,Viviene.Philipp@yopmail.com,Viviene.Philipp@gmail.com,police officer
611,Lolita,Annabella,Lolita.Annabella@yopmail.com,Lolita.Annabella@gmail.com,doctor
612,Lucille,Ball,Lucille.Ball@yopmail.com,Lucille.Ball@gmail.com,developer
613,Gerrie,Tannie,Gerrie.Tannie@yopmail.com,Gerrie.Tannie@gmail.com,doctor
614,Ellette,Prouty,Ellette.Prouty@yopmail.com,Ellette.Prouty@gmail.com,worker
615,Lisette,Donoghue,Lisette.Donoghue@yopmail.com,Lisette.Donoghue@gmail.com,developer
616,Jobi,Lipson,Jobi.Lipson@yopmail.com,Jobi.Lipson@gmail.com,firefighter
617,Hope,Abram,Hope.Abram@yopmail.com,Hope.Abram@gmail.com,firefighter
618,Deane,Moseley,Deane.Moseley@yopmail.com,Deane.Moseley@gmail.com,doctor
619,Minda,Tufts,Minda.Tufts@yopmail.com,Minda.Tufts@gmail.com,developer
620,Bibby,Lareena,Bibby.Lareena@yopmail.com,Bibby.Lareena@gmail.com,worker
621,Heida,Amadas,Heida.Amadas@yopmail.com,Heida.Amadas@gmail.com,developer
622,Demetris,Hortensia,Demetris.Hortensia@yopmail.com,Demetris.Hortensia@gmail.com,police officer
623,Lonnie,Doig,Lonnie.Doig@yopmail.com,Lonnie.Doig@gmail.com,developer
624,Aurelie,Sophronia,Aurelie.Sophronia@yopmail.com,Aurelie.Sophronia@gmail.com,police officer
625,Genevra,Robertson,Genevra.Robertson@yopmail.com,Genevra.Robertson@gmail.com,doctor
626,Lita,Marsden,Lita.Marsden@yopmail.com,Lita.Marsden@gmail.com,police officer
627,Chloris,Fiester,Chloris.Fiester@yopmail.com,Chloris.Fiester@gmail.com,developer
628,Elie,Kravits,Elie.Kravits@yopmail.com,Elie.Kravits@gmail.com,police officer
629,Lorie,Vastah,Lorie.Vastah@yopmail.com,Lorie.Vastah@gmail.com,worker
630,Vita,Jary,Vita.Jary@yopmail.com,Vita.Jary@gmail.com,firefighter
631,Genevra,Gordon,Genevra.Gordon@yopmail.com,Genevra.Gordon@gmail.com,firefighter
632,Evita,Ajay,Evita.Ajay@yopmail.com,Evita.Ajay@gmail.com,worker
633,Cherilyn,Oriana,Cherilyn.Oriana@yopmail.com,Cherilyn.Oriana@gmail.com,doctor
634,Jessamyn,Kirbee,Jessamyn.Kirbee@yopmail.com,Jessamyn.Kirbee@gmail.com,firefighter
635,Nicoli,Oscar,Nicoli.Oscar@yopmail.com,Nicoli.Oscar@gmail.com,developer
636,Lanae,Bonucci,Lanae.Bonucci@yopmail.com,Lanae.Bonucci@gmail.com,firefighter
637,Janey,Pitt,Janey.Pitt@yopmail.com,Janey.Pitt@gmail.com,firefighter
638,Gisela,Torray,Gisela.Torray@yopmail.com,Gisela.Torray@gmail.com,doctor
639,Shirlee,Carri,Shirlee.Carri@yopmail.com,Shirlee.Carri@gmail.com,firefighter
640,Hallie,Brittani,Hallie.Brittani@yopmail.com,Hallie.Brittani@gmail.com,developer
641,Mignon,Forrer,Mignon.Forrer@yopmail.com,Mignon.Forrer@gmail.com,developer
642,Eve,Wildermuth,Eve.Wildermuth@yopmail.com,Eve.Wildermuth@gmail.com,police officer
643,Cassondra,Arvo,Cassondra.Arvo@yopmail.com,Cassondra.Arvo@gmail.com,police officer
644,Nataline,Lay,Nataline.Lay@yopmail.com,Nataline.Lay@gmail.com,worker
645,Doro,Lasley,Doro.Lasley@yopmail.com,Doro.Lasley@gmail.com,police officer
646,Jessamyn,Sprage,Jessamyn.Sprage@yopmail.com,Jessamyn.Sprage@gmail.com,firefighter
647,Myriam,Ader,Myriam.Ader@yopmail.com,Myriam.Ader@gmail.com,firefighter
648,Stevana,Zrike,Stevana.Zrike@yopmail.com,Stevana.Zrike@gmail.com,firefighter
649,Leontine,Bates,Leontine.Bates@yopmail.com,Leontine.Bates@gmail.com,developer
650,Binny,Couture,Binny.Couture@yopmail.com,Binny.Couture@gmail.com,worker
651,Ada,Izaak,Ada.Izaak@yopmail.com,Ada.Izaak@gmail.com,doctor
652,Thalia,Melan,Thalia.Melan@yopmail.com,Thalia.Melan@gmail.com,developer
653,Jobi,Hubert,Jobi.Hubert@yopmail.com,Jobi.Hubert@gmail.com,doctor
654,Stephanie,Kinnard,Stephanie.Kinnard@yopmail.com,Stephanie.Kinnard@gmail.com,worker
655,Philis,Daegal,Philis.Daegal@yopmail.com,Philis.Daegal@gmail.com,worker
656,Shannah,Markman,Shannah.Markman@yopmail.com,Shannah.Markman@gmail.com,police officer
657,Stacey,Sasnett,Stacey.Sasnett@yopmail.com,Stacey.Sasnett@gmail.com,developer
658,Hannis,Hortensia,Hannis.Hortensia@yopmail.com,Hannis.Hortensia@gmail.com,police officer
659,Ernesta,Scammon,Ernesta.Scammon@yopmail.com,Ernesta.Scammon@gmail.com,firefighter
660,Bernie,Ovid,Bernie.Ovid@yopmail.com,Bernie.Ovid@gmail.com,doctor
661,Maridel,Thomasina,Maridel.Thomasina@yopmail.com,Maridel.Thomasina@gmail.com,doctor
662,Dacia,Brotherson,Dacia.Brotherson@yopmail.com,Dacia.Brotherson@gmail.com,doctor
663,Cathie,Rubie,Cathie.Rubie@yopmail.com,Cathie.Rubie@gmail.com,worker
664,Laure,Miru,Laure.Miru@yopmail.com,Laure.Miru@gmail.com,police officer
665,Fernande,Naashom,Fernande.Naashom@yopmail.com,Fernande.Naashom@gmail.com,firefighter
666,Verla,Rubie,Verla.Rubie@yopmail.com,Verla.Rubie@gmail.com,firefighter
667,Kore,Vale,Kore.Vale@yopmail.com,Kore.Vale@gmail.com,worker
668,Giustina,Bashemeth,Giustina.Bashemeth@yopmail.com,Giustina.Bashemeth@gmail.com,police officer
669,Adelle,Modie,Adelle.Modie@yopmail.com,Adelle.Modie@gmail.com,worker
670,Anestassia,Pacorro,Anestassia.Pacorro@yopmail.com,Anestassia.Pacorro@gmail.com,firefighter
671,Mellicent,Aaberg,Mellicent.Aaberg@yopmail.com,Mellicent.Aaberg@gmail.com,police officer
672,Pamella,Verger,Pamella.Verger@yopmail.com,Pamella.Verger@gmail.com,developer
673,Cassondra,Seumas,Cassondra.Seumas@yopmail.com,Cassondra.Seumas@gmail.com,doctor
674,Tobe,Gillan,Tobe.Gillan@yopmail.com,Tobe.Gillan@gmail.com,police officer
675,Hollie,Fairweather,Hollie.Fairweather@yopmail.com,Hollie.Fairweather@gmail.com,worker
676,Linet,Jerald,Linet.Jerald@yopmail.com,Linet.Jerald@gmail.com,doctor
677,Amara,Myrilla,Amara.Myrilla@yopmail.com,Amara.Myrilla@gmail.com,developer
678,Tracey,Lea,Tracey.Lea@yopmail.com,Tracey.Lea@gmail.com,developer
679,Morganica,Tiffa,Morganica.Tiffa@yopmail.com,Morganica.Tiffa@gmail.com,police officer
680,Leia,Ludewig,Leia.Ludewig@yopmail.com,Leia.Ludewig@gmail.com,worker
681,Ricky,Francyne,Ricky.Francyne@yopmail.com,Ricky.Francyne@gmail.com,doctor
682,Valeda,Wu,Valeda.Wu@yopmail.com,Valeda.Wu@gmail.com,police officer
683,Beverley,Nedrud,Beverley.Nedrud@yopmail.com,Beverley.Nedrud@gmail.com,firefighter
684,Linzy,Riva,Linzy.Riva@yopmail.com,Linzy.Riva@gmail.com,firefighter
685,Paule,Nicoline,Paule.Nicoline@yopmail.com,Paule.Nicoline@gmail.com,police officer
686,Adore,Behre,Adore.Behre@yopmail.com,Adore.Behre@gmail.com,worker
687,Jere,Beniamino,Jere.Beniamino@yopmail.com,Jere.Beniamino@gmail.com,firefighter
688,Patricia,Swanhildas,Patricia.Swanhildas@yopmail.com,Patricia.Swanhildas@gmail.com,developer
689,Philis,Laverne,Philis.Laverne@yopmail.com,Philis.Laverne@gmail.com,developer
690,Olwen,Ader,Olwen.Ader@yopmail.com,Olwen.Ader@gmail.com,doctor
691,Cristine,Marlie,Cristine.Marlie@yopmail.com,Cristine.Marlie@gmail.com,worker
692,Vinita,Alisia,Vinita.Alisia@yopmail.com,Vinita.Alisia@gmail.com,firefighter
693,Malina,Pitt,Malina.Pitt@yopmail.com,Malina.Pitt@gmail.com,firefighter
694,Dawn,Magnolia,Dawn.Magnolia@yopmail.com,Dawn.Magnolia@gmail.com,worker
695,Agathe,Millda,Agathe.Millda@yopmail.com,Agathe.Millda@gmail.com,firefighter
696,Anallese,Lail,Anallese.Lail@yopmail.com,Anallese.Lail@gmail.com,doctor
697,Fanchon,Tippets,Fanchon.Tippets@yopmail.com,Fanchon.Tippets@gmail.com,worker
698,Vita,Haldas,Vita.Haldas@yopmail.com,Vita.Haldas@gmail.com,worker
699,Sandie,Tufts,Sandie.Tufts@yopmail.com,Sandie.Tufts@gmail.com,worker
700,Raquela,Suzetta,Raquela.Suzetta@yopmail.com,Raquela.Suzetta@gmail.com,firefighter
701,Fidelia,Brackely,Fidelia.Brackely@yopmail.com,Fidelia.Brackely@gmail.com,doctor
702,Chrystel,Thornburg,Chrystel.Thornburg@yopmail.com,Chrystel.Thornburg@gmail.com,doctor
703,Concettina,Juan,Concettina.Juan@yopmail.com,Concettina.Juan@gmail.com,doctor
704,Jacquetta,Orlene,Jacquetta.Orlene@yopmail.com,Jacquetta.Orlene@gmail.com,developer
705,Marcelline,Melony,Marcelline.Melony@yopmail.com,Marcelline.Melony@gmail.com,firefighter
706,Ofilia,Elephus,Ofilia.Elephus@yopmail.com,Ofilia.Elephus@gmail.com,police officer
707,Lory,Gaspard,Lory.Gaspard@yopmail.com,Lory.Gaspard@gmail.com,firefighter
708,Korrie,Irmine,Korrie.Irmine@yopmail.com,Korrie.Irmine@gmail.com,doctor
709,Cam,Sheedy,Cam.Sheedy@yopmail.com,Cam.Sheedy@gmail.com,firefighter
710,Ketti,My,Ketti.My@yopmail.com,Ketti.My@gmail.com,developer
711,Roberta,Etom,Roberta.Etom@yopmail.com,Roberta.Etom@gmail.com,police officer
712,Bobinette,Kirstin,Bobinette.Kirstin@yopmail.com,Bobinette.Kirstin@gmail.com,worker
713,Tamqrah,Eachern,Tamqrah.Eachern@yopmail.com,Tamqrah.Eachern@gmail.com,police officer
714,Lorie,Dorcy,Lorie.Dorcy@yopmail.com,Lorie.Dorcy@gmail.com,firefighter
715,Linzy,Milson,Linzy.Milson@yopmail.com,Linzy.Milson@gmail.com,doctor
716,Malina,Karna,Malina.Karna@yopmail.com,Malina.Karna@gmail.com,developer
717,Josephine,Frodi,Josephine.Frodi@yopmail.com,Josephine.Frodi@gmail.com,developer
718,Aili,Sibyls,Aili.Sibyls@yopmail.com,Aili.Sibyls@gmail.com,developer
719,Rosabelle,Alabaster,Rosabelle.Alabaster@yopmail.com,Rosabelle.Alabaster@gmail.com,firefighter
720,Romona,Leler,Romona.Leler@yopmail.com,Romona.Leler@gmail.com,police officer
721,Nita,Irmine,Nita.Irmine@yopmail.com,Nita.Irmine@gmail.com,doctor
722,Moyna,Atonsah,Moyna.Atonsah@yopmail.com,Moyna.Atonsah@gmail.com,worker
723,Isa,Kesley,Isa.Kesley@yopmail.com,Isa.Kesley@gmail.com,firefighter
724,Averyl,Erb,Averyl.Erb@yopmail.com,Averyl.Erb@gmail.com,firefighter
725,Hyacinthe,Tybald,Hyacinthe.Tybald@yopmail.com,Hyacinthe.Tybald@gmail.com,worker
726,Gerianna,Nore,Gerianna.Nore@yopmail.com,Gerianna.Nore@gmail.com,firefighter
727,Shel,Lalitta,Shel.Lalitta@yopmail.com,Shel.Lalitta@gmail.com,doctor
728,Kassey,Afton,Kassey.Afton@yopmail.com,Kassey.Afton@gmail.com,doctor
729,Gaylene,Lamoree,Gaylene.Lamoree@yopmail.com,Gaylene.Lamoree@gmail.com,doctor
730,Chrystel,Dorcy,Chrystel.Dorcy@yopmail.com,Chrystel.Dorcy@gmail.com,worker
731,Glynnis,Diogenes,Glynnis.Diogenes@yopmail.com,Glynnis.Diogenes@gmail.com,police officer
732,Fanchon,Faust,Fanchon.Faust@yopmail.com,Fanchon.Faust@gmail.com,firefighter
733,Averyl,Shields,Averyl.Shields@yopmail.com,Averyl.Shields@gmail.com,police officer
734,Nerta,Maribeth,Nerta.Maribeth@yopmail.com,Nerta.Maribeth@gmail.com,worker
735,Madelle,Alabaster,Madelle.Alabaster@yopmail.com,Madelle.Alabaster@gmail.com,doctor
736,Marinna,Lindemann,Marinna.Lindemann@yopmail.com,Marinna.Lindemann@gmail.com,police officer
737,Shel,Tamsky,Shel.Tamsky@yopmail.com,Shel.Tamsky@gmail.com,doctor
738,Ardys,Glovsky,Ardys.Glovsky@yopmail.com,Ardys.Glovsky@gmail.com,firefighter
739,Viviene,Creamer,Viviene.Creamer@yopmail.com,Viviene.Creamer@gmail.com,doctor
740,Mathilda,Bergman,Mathilda.Bergman@yopmail.com,Mathilda.Bergman@gmail.com,firefighter
741,Georgetta,Hamil,Georgetta.Hamil@yopmail.com,Georgetta.Hamil@gmail.com,police officer
742,Cathyleen,Lesley,Cathyleen.Lesley@yopmail.com,Cathyleen.Lesley@gmail.com,doctor
743,Bettine,Redmond,Bettine.Redmond@yopmail.com,Bettine.Redmond@gmail.com,doctor
744,Sybille,Girardo,Sybille.Girardo@yopmail.com,Sybille.Girardo@gmail.com,police officer
745,Pearline,Riordan,Pearline.Riordan@yopmail.com,Pearline.Riordan@gmail.com,police officer
746,Dacia,Weitman,Dacia.Weitman@yopmail.com,Dacia.Weitman@gmail.com,worker
747,Thalia,Gunn,Thalia.Gunn@yopmail.com,Thalia.Gunn@gmail.com,firefighter
748,Gabriellia,Carlson,Gabriellia.Carlson@yopmail.com,Gabriellia.Carlson@gmail.com,police officer
749,Doro,Gordon,Doro.Gordon@yopmail.com,Doro.Gordon@gmail.com,worker
750,Tani,Connelly,Tani.Connelly@yopmail.com,Tani.Connelly@gmail.com,firefighter
751,Mariele,Eben,Mariele.Eben@yopmail.com,Mariele.Eben@gmail.com,firefighter
752,Dolli,Larochelle,Dolli.Larochelle@yopmail.com,Dolli.Larochelle@gmail.com,developer
753,Teddie,Jaylene,Teddie.Jaylene@yopmail.com,Teddie.Jaylene@gmail.com,worker
754,Briney,Palocz,Briney.Palocz@yopmail.com,Briney.Palocz@gmail.com,doctor
755,Teddie,Colbert,Teddie.Colbert@yopmail.com,Teddie.Colbert@gmail.com,worker
756,Kirstin,Mallon,Kirstin.Mallon@yopmail.com,Kirstin.Mallon@gmail.com,worker
757,Teriann,Vilma,Teriann.Vilma@yopmail.com,Teriann.Vilma@gmail.com,firefighter
758,Doro,Idelia,Doro.Idelia@yopmail.com,Doro.Idelia@gmail.com,doctor
759,Candy,Kenwood,Candy.Kenwood@yopmail.com,Candy.Kenwood@gmail.com,police officer
760,Ursulina,Linehan,Ursulina.Linehan@yopmail.com,Ursulina.Linehan@gmail.com,doctor
761,Paule,Alva,Paule.Alva@yopmail.com,Paule.Alva@gmail.com,doctor
762,Jackie,Ackerley,Jackie.Ackerley@yopmail.com,Jackie.Ackerley@gmail.com,doctor
763,Dede,Rocray,Dede.Rocray@yopmail.com,Dede.Rocray@gmail.com,police officer
764,Oona,Posner,Oona.Posner@yopmail.com,Oona.Posner@gmail.com,police officer
765,Ulrike,Lorenz,Ulrike.Lorenz@yopmail.com,Ulrike.Lorenz@gmail.com,worker
766,Krystle,Cadmar,Krystle.Cadmar@yopmail.com,Krystle.Cadmar@gmail.com,worker
767,Kathi,Rhu,Kathi.Rhu@yopmail.com,Kathi.Rhu@gmail.com,police officer
768,Teddie,Thomasina,Teddie.Thomasina@yopmail.com,Teddie.Thomasina@gmail.com,worker
769,Moyna,Goerke,Moyna.Goerke@yopmail.com,Moyna.Goerke@gmail.com,worker
770,Ermengarde,Tatianas,Ermengarde.Tatianas@yopmail.com,Ermengarde.Tatianas@gmail.com,doctor
771,Gratia,Lareena,Gratia.Lareena@yopmail.com,Gratia.Lareena@gmail.com,developer
772,Nickie,Klotz,Nickie.Klotz@yopmail.com,Nickie.Klotz@gmail.com,police officer
773,Vita,Trey,Vita.Trey@yopmail.com,Vita.Trey@gmail.com,firefighter
774,Flo,Llovera,Flo.Llovera@yopmail.com,Flo.Llovera@gmail.com,developer
775,Annecorinne,Timon,Annecorinne.Timon@yopmail.com,Annecorinne.Timon@gmail.com,police officer
776,Valeda,Kylander,Valeda.Kylander@yopmail.com,Valeda.Kylander@gmail.com,doctor
777,Demetris,Bollay,Demetris.Bollay@yopmail.com,Demetris.Bollay@gmail.com,developer
778,Elyssa,Madox,Elyssa.Madox@yopmail.com,Elyssa.Madox@gmail.com,police officer
779,Lita,Isacco,Lita.Isacco@yopmail.com,Lita.Isacco@gmail.com,police officer
780,Mariele,Matthew,Mariele.Matthew@yopmail.com,Mariele.Matthew@gmail.com,firefighter
781,Kristan,Denis,Kristan.Denis@yopmail.com,Kristan.Denis@gmail.com,police officer
782,Marylou,Letsou,Marylou.Letsou@yopmail.com,Marylou.Letsou@gmail.com,doctor
783,Mallory,Redmond,Mallory.Redmond@yopmail.com,Mallory.Redmond@gmail.com,police officer
784,Gianina,Amadas,Gianina.Amadas@yopmail.com,Gianina.Amadas@gmail.com,worker
785,Ivett,Pacorro,Ivett.Pacorro@yopmail.com,Ivett.Pacorro@gmail.com,worker
786,Andeee,Maryanne,Andeee.Maryanne@yopmail.com,Andeee.Maryanne@gmail.com,doctor
787,Brandise,Dudley,Brandise.Dudley@yopmail.com,Brandise.Dudley@gmail.com,worker
788,Sadie,Anselmi,Sadie.Anselmi@yopmail.com,Sadie.Anselmi@gmail.com,worker
789,Theodora,Adore,Theodora.Adore@yopmail.com,Theodora.Adore@gmail.com,firefighter
790,Roslyn,Hachmin,Roslyn.Hachmin@yopmail.com,Roslyn.Hachmin@gmail.com,doctor
791,Pierette,Gaal,Pierette.Gaal@yopmail.com,Pierette.Gaal@gmail.com,developer
792,Ezmeralda,Niles,Ezmeralda.Niles@yopmail.com,Ezmeralda.Niles@gmail.com,worker
793,Hildegaard,Payson,Hildegaard.Payson@yopmail.com,Hildegaard.Payson@gmail.com,doctor
794,Gabi,Wolfgram,Gabi.Wolfgram@yopmail.com,Gabi.Wolfgram@gmail.com,doctor
795,Carlie,Screens,Carlie.Screens@yopmail.com,Carlie.Screens@gmail.com,firefighter
796,Ingrid,Rese,Ingrid.Rese@yopmail.com,Ingrid.Rese@gmail.com,police officer
797,Bobinette,Ailyn,Bobinette.Ailyn@yopmail.com,Bobinette.Ailyn@gmail.com,doctor
798,Merry,Nance,Merry.Nance@yopmail.com,Merry.Nance@gmail.com,worker
799,Estell,Oster,Estell.Oster@yopmail.com,Estell.Oster@gmail.com,worker
800,Madalyn,Swigart,Madalyn.Swigart@yopmail.com,Madalyn.Swigart@gmail.com,worker
801,Liana,Lalitta,Liana.Lalitta@yopmail.com,Liana.Lalitta@gmail.com,police officer
802,Zaria,Loring,Zaria.Loring@yopmail.com,Zaria.Loring@gmail.com,firefighter
803,Ellette,Diogenes,Ellette.Diogenes@yopmail.com,Ellette.Diogenes@gmail.com,developer
804,Sybille,Erich,Sybille.Erich@yopmail.com,Sybille.Erich@gmail.com,developer
805,Alejandra,Sheng,Alejandra.Sheng@yopmail.com,Alejandra.Sheng@gmail.com,worker
806,Dale,Moina,Dale.Moina@yopmail.com,Dale.Moina@gmail.com,firefighter
807,Darlleen,Melan,Darlleen.Melan@yopmail.com,Darlleen.Melan@gmail.com,firefighter
808,Gusty,Wareing,Gusty.Wareing@yopmail.com,Gusty.Wareing@gmail.com,developer
809,Wileen,Elephus,Wileen.Elephus@yopmail.com,Wileen.Elephus@gmail.com,doctor
810,Carree,Manolo,Carree.Manolo@yopmail.com,Carree.Manolo@gmail.com,police officer
811,Cristine,Hazlett,Cristine.Hazlett@yopmail.com,Cristine.Hazlett@gmail.com,firefighter
812,Cherilyn,Cloris,Cherilyn.Cloris@yopmail.com,Cherilyn.Cloris@gmail.com,worker
813,Heddie,Caitlin,Heddie.Caitlin@yopmail.com,Heddie.Caitlin@gmail.com,police officer
814,Lucille,Carri,Lucille.Carri@yopmail.com,Lucille.Carri@gmail.com,developer
815,Rani,Letsou,Rani.Letsou@yopmail.com,Rani.Letsou@gmail.com,worker
816,Gwyneth,Pacorro,Gwyneth.Pacorro@yopmail.com,Gwyneth.Pacorro@gmail.com,worker
817,Helsa,Artie,Helsa.Artie@yopmail.com,Helsa.Artie@gmail.com,firefighter
818,Gratia,Barbey,Gratia.Barbey@yopmail.com,Gratia.Barbey@gmail.com,developer
819,Audrie,Brunell,Audrie.Brunell@yopmail.com,Audrie.Brunell@gmail.com,firefighter
820,Ninnetta,Chaing,Ninnetta.Chaing@yopmail.com,Ninnetta.Chaing@gmail.com,police officer
821,Lizzie,Judye,Lizzie.Judye@yopmail.com,Lizzie.Judye@gmail.com,doctor
822,Hildegaard,Docilla,Hildegaard.Docilla@yopmail.com,Hildegaard.Docilla@gmail.com,worker
823,Ericka,Lynn,Ericka.Lynn@yopmail.com,Ericka.Lynn@gmail.com,developer
824,Nonnah,Elo,Nonnah.Elo@yopmail.com,Nonnah.Elo@gmail.com,firefighter
825,Caryl,Gwenore,Caryl.Gwenore@yopmail.com,Caryl.Gwenore@gmail.com,worker
826,Doralynne,Prober,Doralynne.Prober@yopmail.com,Doralynne.Prober@gmail.com,developer
827,Shell,Hutchison,Shell.Hutchison@yopmail.com,Shell.Hutchison@gmail.com,developer
828,Cissiee,Fancie,Cissiee.Fancie@yopmail.com,Cissiee.Fancie@gmail.com,firefighter
829,Christian,Pandolfi,Christian.Pandolfi@yopmail.com,Christian.Pandolfi@gmail.com,worker
830,Ethel,Sallyann,Ethel.Sallyann@yopmail.com,Ethel.Sallyann@gmail.com,firefighter
831,Clo,Sholley,Clo.Sholley@yopmail.com,Clo.Sholley@gmail.com,developer
832,Alyssa,Orlene,Alyssa.Orlene@yopmail.com,Alyssa.Orlene@gmail.com,developer
833,Andree,Shuler,Andree.Shuler@yopmail.com,Andree.Shuler@gmail.com,firefighter
834,Evaleen,Chrystel,Evaleen.Chrystel@yopmail.com,Evaleen.Chrystel@gmail.com,doctor
835,Aryn,Gavrila,Aryn.Gavrila@yopmail.com,Aryn.Gavrila@gmail.com,developer
836,Dawn,Schwejda,Dawn.Schwejda@yopmail.com,Dawn.Schwejda@gmail.com,developer
837,Mildrid,Madaih,Mildrid.Madaih@yopmail.com,Mildrid.Madaih@gmail.com,developer
838,Rosene,Ricarda,Rosene.Ricarda@yopmail.com,Rosene.Ricarda@gmail.com,doctor
839,Desirae,Poppy,Desirae.Poppy@yopmail.com,Desirae.Poppy@gmail.com,police officer
840,Lily,Catie,Lily.Catie@yopmail.com,Lily.Catie@gmail.com,worker
841,Almeta,Nance,Almeta.Nance@yopmail.com,Almeta.Nance@gmail.com,firefighter
842,Patricia,Gualtiero,Patricia.Gualtiero@yopmail.com,Patricia.Gualtiero@gmail.com,developer
843,Mara,Whittaker,Mara.Whittaker@yopmail.com,Mara.Whittaker@gmail.com,doctor
844,Anica,Adalbert,Anica.Adalbert@yopmail.com,Anica.Adalbert@gmail.com,doctor
845,Natka,Ashok,Natka.Ashok@yopmail.com,Natka.Ashok@gmail.com,developer
846,Angela,Berl,Angela.Berl@yopmail.com,Angela.Berl@gmail.com,police officer
847,Sindee,Mathilde,Sindee.Mathilde@yopmail.com,Sindee.Mathilde@gmail.com,firefighter
848,Elise,Roche,Elise.Roche@yopmail.com,Elise.Roche@gmail.com,firefighter
849,Thalia,Alice,Thalia.Alice@yopmail.com,Thalia.Alice@gmail.com,worker
850,Livvyy,Sacken,Livvyy.Sacken@yopmail.com,Livvyy.Sacken@gmail.com,doctor
851,Ginnie,Casimir,Ginnie.Casimir@yopmail.com,Ginnie.Casimir@gmail.com,worker
852,Sharlene,Shuler,Sharlene.Shuler@yopmail.com,Sharlene.Shuler@gmail.com,doctor
853,Minda,Stover,Minda.Stover@yopmail.com,Minda.Stover@gmail.com,firefighter
854,Juliane,Stoller,Juliane.Stoller@yopmail.com,Juliane.Stoller@gmail.com,firefighter
855,Merrie,Faro,Merrie.Faro@yopmail.com,Merrie.Faro@gmail.com,police officer
856,Jan,Yusuk,Jan.Yusuk@yopmail.com,Jan.Yusuk@gmail.com,police officer
857,Theodora,Gilmour,Theodora.Gilmour@yopmail.com,Theodora.Gilmour@gmail.com,developer
858,Sadie,Jary,Sadie.Jary@yopmail.com,Sadie.Jary@gmail.com,developer
859,Rani,Goddard,Rani.Goddard@yopmail.com,Rani.Goddard@gmail.com,police officer
860,Alejandra,Maurine,Alejandra.Maurine@yopmail.com,Alejandra.Maurine@gmail.com,firefighter
861,Melodie,Bronk,Melodie.Bronk@yopmail.com,Melodie.Bronk@gmail.com,developer
862,Amii,Terrence,Amii.Terrence@yopmail.com,Amii.Terrence@gmail.com,doctor
863,Charissa,Pillsbury,Charissa.Pillsbury@yopmail.com,Charissa.Pillsbury@gmail.com,firefighter
864,Shauna,Ioab,Shauna.Ioab@yopmail.com,Shauna.Ioab@gmail.com,police officer
865,Miquela,Willie,Miquela.Willie@yopmail.com,Miquela.Willie@gmail.com,doctor
866,Georgetta,Kronfeld,Georgetta.Kronfeld@yopmail.com,Georgetta.Kronfeld@gmail.com,doctor
867,Roxane,Kamaria,Roxane.Kamaria@yopmail.com,Roxane.Kamaria@gmail.com,developer
868,Trudie,Judye,Trudie.Judye@yopmail.com,Trudie.Judye@gmail.com,worker
869,Camile,McCutcheon,Camile.McCutcheon@yopmail.com,Camile.McCutcheon@gmail.com,doctor
870,Aubrie,Smitt,Aubrie.Smitt@yopmail.com,Aubrie.Smitt@gmail.com,firefighter
871,Anica,Susannah,Anica.Susannah@yopmail.com,Anica.Susannah@gmail.com,developer
872,Lily,Gower,Lily.Gower@yopmail.com,Lily.Gower@gmail.com,doctor
873,Ellette,Berne,Ellette.Berne@yopmail.com,Ellette.Berne@gmail.com,doctor
874,Christy,Faso,Christy.Faso@yopmail.com,Christy.Faso@gmail.com,doctor
875,Tiffie,Hachmin,Tiffie.Hachmin@yopmail.com,Tiffie.Hachmin@gmail.com,developer
876,Shannah,Jorgan,Shannah.Jorgan@yopmail.com,Shannah.Jorgan@gmail.com,doctor
877,Dominga,Niccolo,Dominga.Niccolo@yopmail.com,Dominga.Niccolo@gmail.com,police officer
878,Mathilda,Cyrie,Mathilda.Cyrie@yopmail.com,Mathilda.Cyrie@gmail.com,police officer
879,Roslyn,Hebner,Roslyn.Hebner@yopmail.com,Roslyn.Hebner@gmail.com,doctor
880,Farrah,Stilwell,Farrah.Stilwell@yopmail.com,Farrah.Stilwell@gmail.com,doctor
881,Dagmar,Dearborn,Dagmar.Dearborn@yopmail.com,Dagmar.Dearborn@gmail.com,police officer
882,Jany,Haerr,Jany.Haerr@yopmail.com,Jany.Haerr@gmail.com,police officer
883,Antonietta,Clywd,Antonietta.Clywd@yopmail.com,Antonietta.Clywd@gmail.com,firefighter
884,Emmey,Wenda,Emmey.Wenda@yopmail.com,Emmey.Wenda@gmail.com,doctor
885,Xylina,Noman,Xylina.Noman@yopmail.com,Xylina.Noman@gmail.com,doctor
886,Hallie,Shirberg,Hallie.Shirberg@yopmail.com,Hallie.Shirberg@gmail.com,firefighter
887,Danika,Zaslow,Danika.Zaslow@yopmail.com,Danika.Zaslow@gmail.com,firefighter
888,Carlie,Joachim,Carlie.Joachim@yopmail.com,Carlie.Joachim@gmail.com,developer
889,Ursulina,Neils,Ursulina.Neils@yopmail.com,Ursulina.Neils@gmail.com,doctor
890,Kelly,Loring,Kelly.Loring@yopmail.com,Kelly.Loring@gmail.com,developer
891,Alameda,Peonir,Alameda.Peonir@yopmail.com,Alameda.Peonir@gmail.com,police officer
892,Hope,Reidar,Hope.Reidar@yopmail.com,Hope.Reidar@gmail.com,doctor
893,Catrina,Even,Catrina.Even@yopmail.com,Catrina.Even@gmail.com,firefighter
894,Nadine,Wu,Nadine.Wu@yopmail.com,Nadine.Wu@gmail.com,police officer
895,Clarice,Shama,Clarice.Shama@yopmail.com,Clarice.Shama@gmail.com,police officer
896,Trixi,Stover,Trixi.Stover@yopmail.com,Trixi.Stover@gmail.com,doctor
897,Arabel,Lumbard,Arabel.Lumbard@yopmail.com,Arabel.Lumbard@gmail.com,worker
898,Shirlee,Moina,Shirlee.Moina@yopmail.com,Shirlee.Moina@gmail.com,doctor
899,Ayn,Oster,Ayn.Oster@yopmail.com,Ayn.Oster@gmail.com,firefighter
900,Amii,Justinn,Amii.Justinn@yopmail.com,Amii.Justinn@gmail.com,worker
901,Elfreda,Leffen,Elfreda.Leffen@yopmail.com,Elfreda.Leffen@gmail.com,doctor
902,Agathe,Rurik,Agathe.Rurik@yopmail.com,Agathe.Rurik@gmail.com,firefighter
903,Nariko,Belldas,Nariko.Belldas@yopmail.com,Nariko.Belldas@gmail.com,firefighter
904,Belinda,Chinua,Belinda.Chinua@yopmail.com,Belinda.Chinua@gmail.com,worker
905,Deirdre,Vernier,Deirdre.Vernier@yopmail.com,Deirdre.Vernier@gmail.com,worker
906,Jenda,Weinreb,Jenda.Weinreb@yopmail.com,Jenda.Weinreb@gmail.com,firefighter
907,Lacie,Ursulette,Lacie.Ursulette@yopmail.com,Lacie.Ursulette@gmail.com,worker
908,Steffane,Couture,Steffane.Couture@yopmail.com,Steffane.Couture@gmail.com,firefighter
909,Tabbatha,Stuart,Tabbatha.Stuart@yopmail.com,Tabbatha.Stuart@gmail.com,developer
910,Siana,Wandie,Siana.Wandie@yopmail.com,Siana.Wandie@gmail.com,police officer
911,Elora,Douglass,Elora.Douglass@yopmail.com,Elora.Douglass@gmail.com,firefighter
912,Britte,Sothena,Britte.Sothena@yopmail.com,Britte.Sothena@gmail.com,police officer
913,Teddie,Cristi,Teddie.Cristi@yopmail.com,Teddie.Cristi@gmail.com,developer
914,Kerrin,Stevy,Kerrin.Stevy@yopmail.com,Kerrin.Stevy@gmail.com,firefighter
915,Caressa,Allys,Caressa.Allys@yopmail.com,Caressa.Allys@gmail.com,developer
916,Inga,Janith,Inga.Janith@yopmail.com,Inga.Janith@gmail.com,developer
917,Marika,Paine,Marika.Paine@yopmail.com,Marika.Paine@gmail.com,developer
918,Harmonia,Fulmer,Harmonia.Fulmer@yopmail.com,Harmonia.Fulmer@gmail.com,developer
919,Georgina,Doig,Georgina.Doig@yopmail.com,Georgina.Doig@gmail.com,doctor
920,Nonnah,Marsden,Nonnah.Marsden@yopmail.com,Nonnah.Marsden@gmail.com,developer
921,Aryn,Bonucci,Aryn.Bonucci@yopmail.com,Aryn.Bonucci@gmail.com,worker
922,Meriel,Berard,Meriel.Berard@yopmail.com,Meriel.Berard@gmail.com,doctor
923,Mireielle,Dyche,Mireielle.Dyche@yopmail.com,Mireielle.Dyche@gmail.com,developer
924,Veda,Rubie,Veda.Rubie@yopmail.com,Veda.Rubie@gmail.com,firefighter
925,Lucille,Sekofski,Lucille.Sekofski@yopmail.com,Lucille.Sekofski@gmail.com,worker
926,Orelia,Si,Orelia.Si@yopmail.com,Orelia.Si@gmail.com,police officer
927,Winny,Giff,Winny.Giff@yopmail.com,Winny.Giff@gmail.com,police officer
928,Dacia,Zachary,Dacia.Zachary@yopmail.com,Dacia.Zachary@gmail.com,developer
929,Leeanne,Bari,Leeanne.Bari@yopmail.com,Leeanne.Bari@gmail.com,police officer
930,Nariko,Candy,Nariko.Candy@yopmail.com,Nariko.Candy@gmail.com,doctor
931,Anthia,Abbot,Anthia.Abbot@yopmail.com,Anthia.Abbot@gmail.com,developer
932,Cathie,Clara,Cathie.Clara@yopmail.com,Cathie.Clara@gmail.com,firefighter
933,Abbie,Billye,Abbie.Billye@yopmail.com,Abbie.Billye@gmail.com,doctor
934,Hollie,Crudden,Hollie.Crudden@yopmail.com,Hollie.Crudden@gmail.com,police officer
935,Annabela,Kaete,Annabela.Kaete@yopmail.com,Annabela.Kaete@gmail.com,developer
936,Lisette,Abernon,Lisette.Abernon@yopmail.com,Lisette.Abernon@gmail.com,police officer
937,Kristina,Belldas,Kristina.Belldas@yopmail.com,Kristina.Belldas@gmail.com,firefighter
938,Gabriellia,Monk,Gabriellia.Monk@yopmail.com,Gabriellia.Monk@gmail.com,firefighter
939,Etta,Atonsah,Etta.Atonsah@yopmail.com,Etta.Atonsah@gmail.com,firefighter
940,Rhea,Johanna,Rhea.Johanna@yopmail.com,Rhea.Johanna@gmail.com,developer
941,Alleen,Arquit,Alleen.Arquit@yopmail.com,Alleen.Arquit@gmail.com,developer
942,Aili,Liva,Aili.Liva@yopmail.com,Aili.Liva@gmail.com,doctor
943,Alie,Bebe,Alie.Bebe@yopmail.com,Alie.Bebe@gmail.com,doctor
944,Brana,Chobot,Brana.Chobot@yopmail.com,Brana.Chobot@gmail.com,firefighter
945,Felice,Granoff,Felice.Granoff@yopmail.com,Felice.Granoff@gmail.com,police officer
946,Myriam,Lowry,Myriam.Lowry@yopmail.com,Myriam.Lowry@gmail.com,firefighter
947,Lauryn,Nisbet,Lauryn.Nisbet@yopmail.com,Lauryn.Nisbet@gmail.com,firefighter
948,Amii,Thema,Amii.Thema@yopmail.com,Amii.Thema@gmail.com,doctor
949,Elena,Toni,Elena.Toni@yopmail.com,Elena.Toni@gmail.com,worker
950,Inga,Weaks,Inga.Weaks@yopmail.com,Inga.Weaks@gmail.com,doctor
951,Ada,Susannah,Ada.Susannah@yopmail.com,Ada.Susannah@gmail.com,developer
952,Ira,Dex,Ira.Dex@yopmail.com,Ira.Dex@gmail.com,worker
953,Iseabal,Tristram,Iseabal.Tristram@yopmail.com,Iseabal.Tristram@gmail.com,developer
954,Dianemarie,Marlie,Dianemarie.Marlie@yopmail.com,Dianemarie.Marlie@gmail.com,worker
955,Roxane,Eiser,Roxane.Eiser@yopmail.com,Roxane.Eiser@gmail.com,doctor
956,Anestassia,Longfellow,Anestassia.Longfellow@yopmail.com,Anestassia.Longfellow@gmail.com,worker
957,Estell,Rogerio,Estell.Rogerio@yopmail.com,Estell.Rogerio@gmail.com,doctor
958,Cindelyn,Carbo,Cindelyn.Carbo@yopmail.com,Cindelyn.Carbo@gmail.com,developer
959,Berget,Salvidor,Berget.Salvidor@yopmail.com,Berget.Salvidor@gmail.com,firefighter
960,Dede,Knowling,Dede.Knowling@yopmail.com,Dede.Knowling@gmail.com,police officer
961,Evita,Jorgan,Evita.Jorgan@yopmail.com,Evita.Jorgan@gmail.com,police officer
962,Viki,Isidore,Viki.Isidore@yopmail.com,Viki.Isidore@gmail.com,worker
963,Kaia,Randene,Kaia.Randene@yopmail.com,Kaia.Randene@gmail.com,worker
964,Lexine,Mallon,Lexine.Mallon@yopmail.com,Lexine.Mallon@gmail.com,doctor
965,Althea,Goode,Althea.Goode@yopmail.com,Althea.Goode@gmail.com,police officer
966,Maye,Arley,Maye.Arley@yopmail.com,Maye.Arley@gmail.com,police officer
967,Merry,Gusella,Merry.Gusella@yopmail.com,Merry.Gusella@gmail.com,developer
968,Albertina,Kussell,Albertina.Kussell@yopmail.com,Albertina.Kussell@gmail.com,firefighter
969,Luci,Sperling,Luci.Sperling@yopmail.com,Luci.Sperling@gmail.com,worker
970,Minne,Aurelio,Minne.Aurelio@yopmail.com,Minne.Aurelio@gmail.com,worker
971,Lila,Thilda,Lila.Thilda@yopmail.com,Lila.Thilda@gmail.com,doctor
972,Abbie,Hirsch,Abbie.Hirsch@yopmail.com,Abbie.Hirsch@gmail.com,police officer
973,Flory,Plato,Flory.Plato@yopmail.com,Flory.Plato@gmail.com,firefighter
974,Nannie,Klemperer,Nannie.Klemperer@yopmail.com,Nannie.Klemperer@gmail.com,police officer
975,Allis,Sheng,Allis.Sheng@yopmail.com,Allis.Sheng@gmail.com,doctor
976,Morganica,Rugen,Morganica.Rugen@yopmail.com,Morganica.Rugen@gmail.com,worker
977,Peri,Mott,Peri.Mott@yopmail.com,Peri.Mott@gmail.com,firefighter
978,Cordi,Bennie,Cordi.Bennie@yopmail.com,Cordi.Bennie@gmail.com,firefighter
979,Ira,Izaak,Ira.Izaak@yopmail.com,Ira.Izaak@gmail.com,doctor
980,Mary,Stevy,Mary.Stevy@yopmail.com,Mary.Stevy@gmail.com,developer
981,Babita,Cimbura,Babita.Cimbura@yopmail.com,Babita.Cimbura@gmail.com,doctor
982,Renae,Ovid,Renae.Ovid@yopmail.com,Renae.Ovid@gmail.com,firefighter
983,Fernande,Sundin,Fernande.Sundin@yopmail.com,Fernande.Sundin@gmail.com,developer
984,Lindie,Engdahl,Lindie.Engdahl@yopmail.com,Lindie.Engdahl@gmail.com,worker
985,Ethel,Clie,Ethel.Clie@yopmail.com,Ethel.Clie@gmail.com,worker
986,Elena,Arvo,Elena.Arvo@yopmail.com,Elena.Arvo@gmail.com,doctor
987,Malina,Ariella,Malina.Ariella@yopmail.com,Malina.Ariella@gmail.com,firefighter
988,Ashlee,Carvey,Ashlee.Carvey@yopmail.com,Ashlee.Carvey@gmail.com,police officer
989,Janis,Berard,Janis.Berard@yopmail.com,Janis.Berard@gmail.com,doctor
990,Aurore,Delacourt,Aurore.Delacourt@yopmail.com,Aurore.Delacourt@gmail.com,developer
991,Selia,Winthorpe,Selia.Winthorpe@yopmail.com,Selia.Winthorpe@gmail.com,police officer
992,Frank,Gale,Frank.Gale@yopmail.com,Frank.Gale@gmail.com,worker
993,Valeda,Maisey,Valeda.Maisey@yopmail.com,Valeda.Maisey@gmail.com,firefighter
994,Melodie,Alfons,Melodie.Alfons@yopmail.com,Melodie.Alfons@gmail.com,developer
995,Oralee,Daveta,Oralee.Daveta@yopmail.com,Oralee.Daveta@gmail.com,worker
996,Addia,Nedrud,Addia.Nedrud@yopmail.com,Addia.Nedrud@gmail.com,doctor
997,Cherilyn,Ruvolo,Cherilyn.Ruvolo@yopmail.com,Cherilyn.Ruvolo@gmail.com,firefighter
998,Andree,Kussell,Andree.Kussell@yopmail.com,Andree.Kussell@gmail.com,doctor
999,Nanete,Fairweather,Nanete.Fairweather@yopmail.com,Nanete.Fairweather@gmail.com,worker
1000,Ernesta,Chabot,Ernesta.Chabot@yopmail.com,Ernesta.Chabot@gmail.com,doctor
1001,Bee,Brodench,Bee.Brodench@yopmail.com,Bee.Brodench@gmail.com,developer
1002,Kate,Kare,Kate.Kare@yopmail.com,Kate.Kare@gmail.com,doctor
1003,Petronia,Keelia,Petronia.Keelia@yopmail.com,Petronia.Keelia@gmail.com,doctor
1004,Chickie,Emmy,Chickie.Emmy@yopmail.com,Chickie.Emmy@gmail.com,developer
1005,Sadie,Paine,Sadie.Paine@yopmail.com,Sadie.Paine@gmail.com,firefighter
1006,Talya,Duwalt,Talya.Duwalt@yopmail.com,Talya.Duwalt@gmail.com,police officer
1007,Bill,My,Bill.My@yopmail.com,Bill.My@gmail.com,developer
1008,Nessie,Saunderson,Nessie.Saunderson@yopmail.com,Nessie.Saunderson@gmail.com,firefighter
1009,Winifred,Rodmann,Winifred.Rodmann@yopmail.com,Winifred.Rodmann@gmail.com,developer
1010,Delilah,Dielu,Delilah.Dielu@yopmail.com,Delilah.Dielu@gmail.com,doctor
1011,Teddie,Dielu,Teddie.Dielu@yopmail.com,Teddie.Dielu@gmail.com,firefighter
1012,Zsa Zsa,Idelia,Zsa Zsa.Idelia@yopmail.com,Zsa Zsa.Idelia@gmail.com,firefighter
1013,Imojean,Yerkovich,Imojean.Yerkovich@yopmail.com,Imojean.Yerkovich@gmail.com,firefighter
1014,Kelly,Fink,Kelly.Fink@yopmail.com,Kelly.Fink@gmail.com,police officer
1015,Brandise,Mullane,Brandise.Mullane@yopmail.com,Brandise.Mullane@gmail.com,developer
1016,Margarette,Valoniah,Margarette.Valoniah@yopmail.com,Margarette.Valoniah@gmail.com,doctor
1017,Natka,Estella,Natka.Estella@yopmail.com,Natka.Estella@gmail.com,worker
1018,Delilah,Bahr,Delilah.Bahr@yopmail.com,Delilah.Bahr@gmail.com,worker
1019,Shirlee,Ferrell,Shirlee.Ferrell@yopmail.com,Shirlee.Ferrell@gmail.com,worker
1020,Donnie,Martsen,Donnie.Martsen@yopmail.com,Donnie.Martsen@gmail.com,police officer
1021,Elbertina,Lilybelle,Elbertina.Lilybelle@yopmail.com,Elbertina.Lilybelle@gmail.com,police officer
1022,Shirlee,Argus,Shirlee.Argus@yopmail.com,Shirlee.Argus@gmail.com,firefighter
1023,Karolina,Read,Karolina.Read@yopmail.com,Karolina.Read@gmail.com,developer
1024,Sibella,Cleo,Sibella.Cleo@yopmail.com,Sibella.Cleo@gmail.com,worker
1025,Agnese,Cavan,Agnese.Cavan@yopmail.com,Agnese.Cavan@gmail.com,worker
1026,Loree,Vins,Loree.Vins@yopmail.com,Loree.Vins@gmail.com,police officer
1027,Nataline,Posner,Nataline.Posner@yopmail.com,Nataline.Posner@gmail.com,doctor
1028,Caryl,Rurik,Caryl.Rurik@yopmail.com,Caryl.Rurik@gmail.com,worker
1029,Binny,Jethro,Binny.Jethro@yopmail.com,Binny.Jethro@gmail.com,police officer
1030,Lindie,Kimmie,Lindie.Kimmie@yopmail.com,Lindie.Kimmie@gmail.com,worker
1031,Hollie,Sawtelle,Hollie.Sawtelle@yopmail.com,Hollie.Sawtelle@gmail.com,developer
1032,Mary,Rubie,Mary.Rubie@yopmail.com,Mary.Rubie@gmail.com,developer
1033,Lyssa,Burnside,Lyssa.Burnside@yopmail.com,Lyssa.Burnside@gmail.com,firefighter
1034,Misha,Martguerita,Misha.Martguerita@yopmail.com,Misha.Martguerita@gmail.com,developer
1035,Karina,Gilmour,Karina.Gilmour@yopmail.com,Karina.Gilmour@gmail.com,police officer
1036,Gale,Campball,Gale.Campball@yopmail.com,Gale.Campball@gmail.com,developer
1037,Kellen,Kannry,Kellen.Kannry@yopmail.com,Kellen.Kannry@gmail.com,worker
1038,Antonietta,Cecile,Antonietta.Cecile@yopmail.com,Antonietta.Cecile@gmail.com,police officer
1039,Sean,Rogerio,Sean.Rogerio@yopmail.com,Sean.Rogerio@gmail.com,police officer
1040,Meriel,Weitman,Meriel.Weitman@yopmail.com,Meriel.Weitman@gmail.com,worker
1041,Lesly,Solitta,Lesly.Solitta@yopmail.com,Lesly.Solitta@gmail.com,firefighter
1042,Ingrid,Earlie,Ingrid.Earlie@yopmail.com,Ingrid.Earlie@gmail.com,firefighter
1043,Henriette,Secrest,Henriette.Secrest@yopmail.com,Henriette.Secrest@gmail.com,doctor
1044,Taffy,Fillbert,Taffy.Fillbert@yopmail.com,Taffy.Fillbert@gmail.com,worker
1045,Julieta,Eiser,Julieta.Eiser@yopmail.com,Julieta.Eiser@gmail.com,developer
1046,Natka,Rozanna,Natka.Rozanna@yopmail.com,Natka.Rozanna@gmail.com,worker
1047,Pollyanna,Hoban,Pollyanna.Hoban@yopmail.com,Pollyanna.Hoban@gmail.com,police officer
1048,Gerianna,Adrienne,Gerianna.Adrienne@yopmail.com,Gerianna.Adrienne@gmail.com,developer
1049,Heddie,Alarise,Heddie.Alarise@yopmail.com,Heddie.Alarise@gmail.com,firefighter
1050,Oona,Firmin,Oona.Firmin@yopmail.com,Oona.Firmin@gmail.com,developer
1051,Vonny,Vittoria,Vonny.Vittoria@yopmail.com,Vonny.Vittoria@gmail.com,developer
1052,Angelique,Corabella,Angelique.Corabella@yopmail.com,Angelique.Corabella@gmail.com,developer
1053,Marleah,Faust,Marleah.Faust@yopmail.com,Marleah.Faust@gmail.com,developer
1054,Nannie,Tayib,Nannie.Tayib@yopmail.com,Nannie.Tayib@gmail.com,worker
1055,Courtnay,Schalles,Courtnay.Schalles@yopmail.com,Courtnay.Schalles@gmail.com,doctor
1056,Barbi,Pernick,Barbi.Pernick@yopmail.com,Barbi.Pernick@gmail.com,worker
1057,Imojean,Hewitt,Imojean.Hewitt@yopmail.com,Imojean.Hewitt@gmail.com,worker
1058,Kore,Sallyann,Kore.Sallyann@yopmail.com,Kore.Sallyann@gmail.com,firefighter
1059,Sheelagh,Gale,Sheelagh.Gale@yopmail.com,Sheelagh.Gale@gmail.com,worker
1060,Reeba,Abernon,Reeba.Abernon@yopmail.com,Reeba.Abernon@gmail.com,developer
1061,Sabina,Pyle,Sabina.Pyle@yopmail.com,Sabina.Pyle@gmail.com,developer
1062,Fernande,Sholley,Fernande.Sholley@yopmail.com,Fernande.Sholley@gmail.com,firefighter
1063,Letizia,Celestine,Letizia.Celestine@yopmail.com,Letizia.Celestine@gmail.com,developer
1064,Corly,Vanni,Corly.Vanni@yopmail.com,Corly.Vanni@gmail.com,firefighter
1065,Amara,Uird,Amara.Uird@yopmail.com,Amara.Uird@gmail.com,police officer
1066,Xylina,Natica,Xylina.Natica@yopmail.com,Xylina.Natica@gmail.com,worker
1067,Mariann,Slifka,Mariann.Slifka@yopmail.com,Mariann.Slifka@gmail.com,police officer
1068,Pierette,Holtz,Pierette.Holtz@yopmail.com,Pierette.Holtz@gmail.com,firefighter
1069,Quintina,Pernick,Quintina.Pernick@yopmail.com,Quintina.Pernick@gmail.com,firefighter
1070,Debee,Prouty,Debee.Prouty@yopmail.com,Debee.Prouty@gmail.com,doctor
1071,Bobinette,Rese,Bobinette.Rese@yopmail.com,Bobinette.Rese@gmail.com,firefighter
1072,Lila,MacIntosh,Lila.MacIntosh@yopmail.com,Lila.MacIntosh@gmail.com,police officer
1073,Sandie,Junie,Sandie.Junie@yopmail.com,Sandie.Junie@gmail.com,doctor
1074,Xylina,Wyn,Xylina.Wyn@yopmail.com,Xylina.Wyn@gmail.com,developer
1075,Kaja,Sibyls,Kaja.Sibyls@yopmail.com,Kaja.Sibyls@gmail.com,police officer
1076,Livvyy,Zenas,Livvyy.Zenas@yopmail.com,Livvyy.Zenas@gmail.com,developer
1077,Christal,Olympium,Christal.Olympium@yopmail.com,Christal.Olympium@gmail.com,firefighter
1078,Mallory,Erskine,Mallory.Erskine@yopmail.com,Mallory.Erskine@gmail.com,firefighter
1079,Carol-Jean,Shaver,Carol-Jean.Shaver@yopmail.com,Carol-Jean.Shaver@gmail.com,firefighter
1080,Candi,Goldina,Candi.Goldina@yopmail.com,Candi.Goldina@gmail.com,doctor
1081,Tami,Roarke,Tami.Roarke@yopmail.com,Tami.Roarke@gmail.com,worker
1082,Brana,Wu,Brana.Wu@yopmail.com,Brana.Wu@gmail.com,doctor
1083,Ashlee,Greyson,Ashlee.Greyson@yopmail.com,Ashlee.Greyson@gmail.com,worker
1084,Mallory,Mehalek,Mallory.Mehalek@yopmail.com,Mallory.Mehalek@gmail.com,worker
1085,Perry,Fiester,Perry.Fiester@yopmail.com,Perry.Fiester@gmail.com,firefighter
1086,Adore,Stover,Adore.Stover@yopmail.com,Adore.Stover@gmail.com,firefighter
1087,Sibella,Florina,Sibella.Florina@yopmail.com,Sibella.Florina@gmail.com,doctor
1088,Edyth,Zenas,Edyth.Zenas@yopmail.com,Edyth.Zenas@gmail.com,worker
1089,Sarette,Girardo,Sarette.Girardo@yopmail.com,Sarette.Girardo@gmail.com,worker
1090,Emylee,Beniamino,Emylee.Beniamino@yopmail.com,Emylee.Beniamino@gmail.com,worker
1091,Ingrid,O'Carroll,Ingrid.O'Carroll@yopmail.com,Ingrid.O'Carroll@gmail.com,doctor
1092,Luci,Carey,Luci.Carey@yopmail.com,Luci.Carey@gmail.com,police officer
1093,Louella,Chauncey,Louella.Chauncey@yopmail.com,Louella.Chauncey@gmail.com,developer
1094,Demetris,Lattie,Demetris.Lattie@yopmail.com,Demetris.Lattie@gmail.com,police officer
1095,Cordi,Holtz,Cordi.Holtz@yopmail.com,Cordi.Holtz@gmail.com,doctor
1096,Evaleen,Khorma,Evaleen.Khorma@yopmail.com,Evaleen.Khorma@gmail.com,doctor
1097,Jackie,Thilda,Jackie.Thilda@yopmail.com,Jackie.Thilda@gmail.com,police officer
1098,Micheline,Georas,Micheline.Georas@yopmail.com,Micheline.Georas@gmail.com,doctor
1099,Noelle,Ramona,Noelle.Ramona@yopmail.com,Noelle.Ramona@gmail.com,firefighter