{
  "tags": {
    "DASHBOARD.CtLd4fy": {
      "versionNumber": 0,
      "lastModifiedBy": {
        "login": "quentin.castel"
      },
      "lastModifiedOn": 1739785606336
    },
    "DATASET.fake_csv": {
      "versionNumber": 1,
      "lastModifiedBy": {
        "login": "quentin.castel"
      },
      "lastModifiedOn": 1739785630924
    },
    "DATASET.fake_csv_copy": {
      "versionNumber": 1,
      "lastModifiedBy": {
        "login": "quentin.castel"
      },
      "lastModifiedOn": 1739785636009
    },
    "DATASET.test": {
      "versionNumber": 1,
      "lastModifiedBy": {
        "login": "quentin.castel"
      },
      "lastModifiedOn": 1739876336537
    },
    "PROJECT.DEMOGITOPS": {
      "versionNumber": 2,
      "lastModifiedBy": {
        "login": "quentin.castel"
      },
      "lastModifiedOn": 1739870341963
    },
    "RECIPE.compute_fake_csv_copy": {
      "versionNumber": 2,
      "lastModifiedBy": {
        "login": "quentin.castel"
      },
      "lastModifiedOn": 1739875188926
    },
    "RECIPE.compute_test": {
      "versionNumber": 2,
      "lastModifiedBy": {
        "login": "quentin.castel"
      },
      "lastModifiedOn": 1739876410978
    }
  }
}